{
  "Bolivia (Plurinational State of)": "Bolivia",
  "Brunei Darussalam": "Brunei",
  "Cabo Verde": "Cape Verde",
  "China, Hong Kong SAR": "Hong Kong",
  "China, Macao SAR": "Macao",
  "Côte d'Ivoire": "Ivory Coast",
  "Dem. People's Republic of Korea": "North Korea",
  "Falkland Islands (Malvinas)": "Falkland Islands",
  "Iran (Islamic Republic of)": "Iran",
  "Lao People's Democratic Republic": "Laos",
  "Micronesia (Fed. States of)": "Micronesia",
  "Republic of Korea": "South Korea",
  "Republic of Moldova": "Moldova",
  "Russian Federation": "Russia",
  "Sint Maarten (Dutch part)": "Sint Maarten",
  "State of Palestine": "Palestine",
  "Syrian Arab Republic": "Syria",
  "United Republic of Tanzania": "Tanzania",
  "Venezuela (Bolivarian Republic of)": "Venezuela",
  "Viet Nam": "Vietnam",
  "United States of America": "U.S.A.",
  "United Kingdom": "U.K."
}