Destination,1990_est_(mf),1995_est_(mf),2000_est_(mf),2005_est_(mf),2010_est_(mf),2015_est_(mf),2019_est_(mf),1990_pct_(mf),1995_pct_(mf),2000_pct_(mf),2005_pct_(mf),2010_pct_(mf),2015_pct_(mf),2019_pct_(mf),1990-1995_annual_rc_(mf),1995-2000_annual_rc_(mf),2000-2005_annual_rc_(mf),2005-2010_annual_rc_(mf),2010-2015_annual_rc_(mf),2015-2019_annual_rc_(mf)
WORLD,18977581,18142316,16503717,13757766,15880355,24651000,28711526,12.402717670720024,11.246383089632365,9.507382464481031,7.179878812982081,7.192779096769201,9.90551781101389,10.569615487260343,-0.9002244985047345,-1.8932296384616112,-3.6396432718125036,2.8695869211950593,8.794693137686318,3.8120294328764084
UN development groups,..,..,..,..,..,..,..,..,..,..,..,..,..,..,..,..,..,..,..,..
More developed regions,2042750,3880290,3572526,2632565,2207096,3601314,4813580,2.468066583271328,4.1752687722544435,3.436377116640198,2.256079171246416,1.689792154652361,2.560600870925136,3.165386593152445,12.832259076549587,-1.6527396899620386,-6.106285050657314,-3.5256206357913613,9.79242309152291,7.253557778878468
Less developed regions,16934831,14262026,12931191,11125201,13673259,21049686,23897946,24.108491887101888,20.856464731843854,18.572238895642705,14.84786359719025,15.164127975629258,19.451191192546666,19.986098181289393,-3.435440525130493,-1.9591636143997937,-3.0085880921172703,4.124582645680522,8.628872311273568,3.1726717667292603
Least developed countries,5048975,5165247,3098899,2362353,2044868,4493016,6949378,45.649856363629624,44.21627805427205,30.79208080168936,24.024376725667768,19.60061809674627,32.96090504322059,42.66295160857714,0.4553534183443428,-10.218120723802555,-5.427774617768276,-2.886498329868867,15.743819028850128,10.903199199801552
"Less developed regions, excluding least developed countries",11885856,9096779,9832292,8762848,11628391,16556670,16948568,20.082875050968134,16.043695432010672,16.507519562978747,13.461669631163211,14.583655282074254,17.504239235502947,16.409702735532996,-5.348574539121426,1.5550335188667233,-2.3030220899912415,5.658572831937903,7.066788678352151,0.584857617544843
World Bank income groups,..,..,..,..,..,..,..,..,..,..,..,..,..,..,..,..,..,..,..,..
High-income countries,2127921,3213250,3021424,2717541,2141811,3299001,4734790,2.7350161436208236,3.596387068375911,2.9325749839170205,2.2544026138895816,1.4844557529940414,2.0571623831204433,2.693100928948302,8.242748785559431,-1.2310928514927841,-2.1200163227509403,-4.761513889148824,8.639359250601597,9.032941992629686
Middle-income countries,12615251,10285011,10700261,8665149,10718934,16988481,18498707,19.371015450653292,16.84961683094875,17.49581394247628,14.061466326564078,16.245731301345955,22.317116910860392,22.494198249583423,-4.084377724401839,0.7916108214133424,-4.219180301189289,4.254051835307329,9.210476315092547,2.129132789889342
Upper-middle-income countries,6347793,5911636,5619443,4630073,5295219,11118899,11347870,19.070717445579763,17.64952700116968,16.22125057627952,12.630633610246289,13.159498126694308,22.393081930926733,20.906388931528323,-1.42369162750389,-1.0138012677615649,-3.873198279221055,2.6846340651787823,14.83683870315457,0.5095946997169895
Lower-middle-income countries,6267458,4373375,5080818,4035076,5423715,5869582,7150837,19.68495877218051,15.876945598587758,19.16096697675157,16.16236303957093,21.07013717519924,22.174618325729583,25.57684504159685,-7.1967165509969675,2.9987450001610787,-4.608942710258488,5.915117365464159,1.5800483350928363,4.936149775679923
Low-income countries,4227808,4640754,2782032,2375076,3019596,4363518,5478028,43.183914425778,43.875543793441786,30.995467828422562,26.480319564305095,30.07415665811895,36.76174469079949,41.9062615728354,1.8638639520342688,-10.233905141703916,-3.1630431795331546,4.801872212581489,7.36311130275882,5.686664236017539
No income group available,6601,3301,0,0,14,0,1,2.245230458399801,0.9346826439541522,0,0,0.002923799519243822,0,0.00019212443515416065,-13.859913996711553,..,..,..,..,..
Geographic regions,..,..,..,..,..,..,..,..,..,..,..,..,..,..,..,..,..,..,..,..
Africa,5697283,5952996,3698535,2941924,2726187,6186607,7299284,36.31232812731641,36.39400853832259,24.572245338509457,18.421755766418375,15.31204606913493,26.352619078744727,27.514011471226528,0.8781045541748016,-9.519156538879372,-4.577460124363811,-1.52319718955612,16.389657292918855,4.134736672632658
Asia,10038834,7952442,9185166,8121643,10545376,14453065,16013658,20.82315830701252,17.132221254303605,18.595590804951225,15.197882622203215,15.992693336199833,18.713887913469797,19.164446972844893,-4.659638415011958,2.8822148027644166,-2.4611463568337375,5.2230999279457215,6.304380655767831,2.5633870079095455
Europe,1323376,3016710,2472899,1862341,1750314,2820482,3595669,2.6676540834524016,5.639782471542394,4.349194006738237,2.9284475393295386,2.4764613895195855,3.7602305955298045,4.36873718471347,16.479615725132064,-3.9755137391976634,-5.67113696243292,-1.2407819617687794,9.542251838377382,6.070556833097475
Latin America and the Caribbean,1197274,352309,44176,53436,394300,415459,607263,16.718502644256247,5.267218940572995,0.6723150505826675,0.7396045532268632,4.772202086237795,4.400266096739785,5.202158980400381,-24.465879070604256,-41.52653952484799,3.8060604187953415,39.972547295120314,1.0454378449894692,9.489451062672623
Northern America,610144,775419,1019706,696254,426384,714900,1086344,2.2098333353132626,2.3257257112185292,2.527046324250972,1.5348412923701664,0.8365250098482738,1.2850184375610187,1.8523177211934656,4.7941706707332585,5.477322020354515,-7.631101862971904,-9.807483751847455,10.336046481547026,10.4607634077828
Oceania,110670,92440,83235,82168,37794,60487,109308,2.3388325237835197,1.8405957285993413,1.5525352293158046,1.3641437776462908,0.5302426596031247,0.7495343214277571,1.2243382420887272,-3.5998602974102805,-2.0978370592041147,-0.2580400116494201,-15.532311439913125,9.40556212093457,14.793527990902438
Sustainable Development Goal (SDG) regions,..,..,..,..,..,..,..,..,..,..,..,..,..,..,..,..,..,..,..,..
SUB-SAHARAN AFRICA,4494798,5076802,3080836,2583693,2329503,5469929,5932280,33.83021706277145,35.56319852064774,23.426221229970217,18.166280024856448,14.69167761524769,25.63548593444176,25.16505302461643,2.4352161540553645,-9.989610941376387,-3.5196243582851365,-2.071296614173858,17.072213927108955,2.028574708018147
Eastern Africa,3177187,2028623,1696779,1438330,1080283,2638662,3829905,53.31581527199282,40.7546823356592,35.005928263778955,30.199144749840272,22.705042708977217,39.28612478716669,48.429688464192,-8.972779527029509,-3.572509796196806,-3.30498059173265,-5.7251934904007165,17.860978533064074,9.314200705167986
Burundi,267929,173017,27136,20681,29365,47805,65911,80.43258983518957,67.8889398986867,21.600280192313814,11.963048231660053,12.481987936699552,16.495290017597735,20.53187048701319,-8.746643289456811,-37.05057191912927,-5.432917104779065,7.0117616920788715,9.746534951258532,8.029377765416092
Comoros,0,5,10,5,0,0,0,0,0.035870578951144275,0.07246901949416625,0.03785297902944962,0,0,0,..,13.862943611198904,-13.862943611198904,..,..,..
Djibouti,54508,27310,23257,10456,15104,22006,26895,44.59790052445979,27.3718604045142,23.13968181320704,11.35398681738715,14.869800639921241,19.58683055780545,23.317814133742555,-13.821890888039212,-3.212935469949895,-15.988603713323963,7.3556726616244825,7.5271106808915205,5.015631306937123
Eritrea,0,1083,1984,4418,4809,2550,2392,0,8.733870967741936,15.31809759110562,30.864887522705043,30.677468742026026,15.996487045982057,14.85622011055214,..,12.107600816876552,16.01144192270489,1.696041145952003,-12.687916062503819,-1.5990880770487381
Ethiopia,741965,393479,197959,100817,155323,738217,891990,64.21771003730342,48.76404132337924,32.3788322887089,19.604971978173698,27.309634495418006,63.549441221994385,71.18363268833748,-12.685487460548654,-13.739355213414619,-13.495058926687856,8.643996548572401,31.17461999361152,4.730427560866689
Kenya,14249,234665,214819,267731,430871,593881,488368,4.780116005622482,37.92596303808516,30.348010601086102,34.6194627557367,45.120925727151345,52.701071803181506,46.74031012945349,56.02944472756665,-1.7672630418593664,4.403738639858398,9.516519925342628,6.417404424663273,-4.890243564193365
Madagascar,0,0,50,0,0,22,86,0,0,0.2123953952678306,0,0,0.06858924395947,0.2461785080437396,..,..,..,..,..,34.0826210723798
Malawi,874614,1018,3900,4240,5740,23489,34973,77.55567851708398,0.4213157633347681,1.6765540366262575,1.9128308543225916,2.6363895242557023,10.08964661108319,14.121832248477704,-135.1188545608001,26.862732700145397,1.6717343221653116,6.057918821752175,28.181460322524472,9.951102718903785
Mauritius,0,0,0,0,0,0,0,0,0,0,0,0,0,0,..,..,..,..,..,..
Mayotte,0,0,0,0,0,0,0,0,0,0,0,0,0,0,..,..,..,..,..,..
Mozambique,420,128,207,1954,9991,20447,23651,0.3433279926756695,0.07607455306200077,0.10577306312659043,0.7382527514460913,3.2600148137996743,6.354065022965003,7.067067067067068,-23.764488947155936,9.613770586915038,44.89830078674718,32.63612268260581,14.323029694200711,3.6392306220302157
Réunion,0,0,0,0,0,0,0,0,0,0,0,0,0,0,..,..,..,..,..,..
Rwanda,23601,7792,30118,49507,55688,145151,171414,14.748412738089286,3.6118385982802974,8.677638327052287,11.698610779631698,13.044710600349966,28.203992250999228,31.747331145403496,-22.16383035349962,27.040508666487874,9.939821481067879,2.3530122029668745,19.160197920105492,4.157677580910842
Seychelles,0,0,0,0,0,0,0,0,0,0,0,0,0,0,..,..,..,..,..,..
Somalia,460000,626,568,493,26048,18201,29231,96.17515586647544,3.205817585906693,2.8262924814648955,2.3850991775520076,54.147091838855864,44.40351305196389,56.0722027200706,-131.9926279473036,-1.9445790475789433,-2.8322448935692246,79.34374189519153,-7.169289043837186,11.843831308407575
South Sudan,..,..,..,..,27173,263865,285295,..,..,..,..,10.53605009596557,31.259107095893725,32.96104682329889,..,..,..,..,45.464275509524384,1.952153098376418
Uganda,145718,229350,239095,259065,156605,512966,1395115,26.77296136313945,37.78499374780679,40.921304853837206,43.66450477660844,31.770231067291505,60.26563280171528,80.44875750072369,9.071519478979372,0.8322348290007873,1.6043606594154391,-10.067045678735765,23.729657092880846,25.013064049060997
United Republic of Tanzania,265184,829671,702282,549131,110533,213995,352700,46.197291058751794,75.0125447202324,73.9555602358888,71.2090856159543,35.673413007064774,55.645700229088824,69.27013979723705,22.812106240006553,-3.333884078061185,-4.919960081074286,-32.06045819606494,13.212770627119546,12.49162967447725
Zambia,138049,129965,251199,155864,48182,28858,45936,49.39795250176231,53.190662115593966,73.08606558569463,61.631902568259555,32.12947279977595,21.84441399774425,26.981656279919413,-1.2068702232084383,13.17960540514317,-9.545232431016279,-23.47996649636007,-10.251965129010374,11.621546812591104
Zimbabwe,190950,514,4195,13968,4851,7209,15948,30.088824668581722,0.11919503926015593,1.0228987903215974,3.472674566039988,1.2179047819897717,1.8000809025124724,3.8778671244501615,-118.35087254396994,41.98850706892283,24.05751318356154,-21.15168259668334,7.922907523187242,19.850079602416677
Middle Africa,447234,1545096,608840,659946,809445,1224909,1431395,30.608251691299003,58.03199260842295,34.29535781317243,33.69166844072921,33.306381928157016,35.053335107593114,37.8147819487018,24.795187515008383,-18.625716318247072,1.6120501215979386,4.083816282865707,8.285460137411457,3.894573442737016
Angola,12000,11404,12579,13867,15155,45698,71270,35.80272697437121,28.643910280561624,27.281599722390908,22.610836635197053,4.563027284825639,7.228660282388821,10.645591571953714,-1.0188495747514943,1.9612917161261936,1.9496631982998398,1.7763718747607873,22.074480455131724,11.110523706185667
Cameroon,49876,45781,45313,58808,106658,348346,343120,18.752702402929685,18.702076465229524,19.94041594423566,22.149655559447538,36.592629188195176,68.52537444968584,67.85157764014458,-1.7134153449732366,-0.20550381697810385,5.213678660700275,11.90699107505832,23.671375697626438,-0.3778999624349824
Central African Republic,3389,33856,55661,24569,21574,7694,10611,5.0406044560787695,33.95378690629012,45.05905495875462,26.012980550349923,23.082190315194833,9.429152675310668,11.705589692109124,46.031626872218396,9.943269718480394,-16.355884729914706,-2.5999319942176244,-20.62096163246268,8.036259864033747
Chad,0,100,17692,275412,347939,372438,412100,0,0.11162707626361851,16.877653231576435,78.22826661213081,83.45381892143412,79.75664285347176,80.4521406399469,..,103.5139530600025,54.90311196647897,4.675180374469985,1.360868079198005,2.529886433283577
Congo,2990,19404,124068,69561,138636,49297,55576,2.3108253278821556,10.125498995486211,40.56100431541781,21.82483904569471,32.60696234238768,12.63565573560396,13.819993932491508,37.404116859607505,37.10701144019172,-11.572514738632059,13.792954556558573,-20.679771320375373,2.997205653011666
Democratic Republic of the Congo,378562,1433760,332509,204341,166336,398552,537893,50.19424710353039,78.90969711546136,44.66883489367762,32.806416758580056,28.2428049919348,48.33909849943965,55.807696976550915,26.633515583629663,-29.227774314743005,-9.737535208860251,-4.115606558734431,17.476562800665164,7.495541914273514
Equatorial Guinea,0,0,0,0,0,0,0,0,0,0,0,0,0,0,..,..,..,..,..,..
Gabon,417,791,21018,13388,13147,2884,825,0.32530346054232845,0.4614208963582166,9.801754410509675,5.725674011222115,4.854354592750408,0.7615808347813228,0.2005040550426162,12.80423491937705,65.59673049315776,-9.020408601886494,-0.3633037526922605,-30.340307525835293,-31.288752801753972
Sao Tome and Principe,0,0,0,0,0,0,0,0,0,0,0,0,0,0,..,..,..,..,..,..
Southern Africa,135525,105184,62850,180315,242021,1224036,287959,9.713208601950168,8.752875074477327,4.957817140558257,11.393060099553034,10.2887311609273,30.144920397832287,6.425288359133721,-5.068898553291859,-10.29920524891105,21.079087727761415,5.886383556539387,32.41768750306326,-36.17726913784824
Botswana,1220,266,3551,3109,2986,2480,2480,4.4347509996364955,0.6622186815375423,4.738836843088585,3.6743328527194077,3.1559811444395116,2.4015183793624355,2.242395746681616,-30.46219657891206,51.82976448322778,-2.6585624576866804,-0.8073286391923614,-3.7135227788021576,0
Eswatini,42074,712,690,1016,759,964,1309,56.10539931458442,2.025201240151321,2.024410280483511,3.0426449448969812,2.3255813953488373,2.9797230464886253,4.0513772825750545,-81.58214680563998,-0.6277262764134144,7.738740610942443,-5.832537014855945,4.781790344298315,7.64818678248386
Lesotho,2231,1116,1,1,0,35,87,27.075242718446603,15.491393670183232,0.016215339711366954,0.01589825119236884,0,0.5325623858794888,1.2557736720554273,-13.853981029825526,-140.35012285882513,0,..,..,22.76400142912925
Namibia,0,1682,28407,6380,8675,2849,4056,0,1.4578927296051034,20.95730632179244,5.943342617865427,8.355325255716295,2.8036371508984628,3.770883498665873,..,56.533040642374324,-29.869349926255484,6.145544569524488,-22.269545406343035,8.830730269327772
South Africa,90000,101408,30201,169809,229601,1217708,280027,7.732736022435245,10.102340390134756,2.969724562250544,12.56884557053095,10.856860763731433,31.904776252752708,6.629025324222774,2.3868462635649026,-24.225538941862286,34.53598479181564,6.033374876608907,33.367653248348496,-36.74599137905765
Western Africa,734852,1397899,712367,305102,197754,382322,383021,16.436928310270027,25.72696345605442,13.540187461593334,5.155322721762754,3.1312757850001067,5.410812425725907,5.177093522783842,12.861131114504238,-13.482648921326525,-16.958941622456315,-8.672446258513864,13.18478702945802,0.04566581221466071
Benin,657,2317,3977,5558,7139,708,1328,0.8560149053432529,2.1919907665818377,2.9534736920277744,2.5048560316194135,2.3094292258122953,0.19329263631499055,0.34041506029037816,25.206890118955315,10.805090415506289,6.694211301895167,5.006687584000229,-46.21767791617481,15.724630908566487
Burkina Faso,350,29777,1010,1295,1065,34160,24190,0.10009952753023006,6.416018823367177,0.19409527579785651,0.21667910410301544,0.1579092518511709,4.847617912345532,3.3674955243910247,88.87116815858424,-67.67571905154733,4.97120728596666,-3.910717919802252,69.36161139517961,-8.627901107460831
Cabo Verde,0,0,0,0,0,0,0,0,0,0,0,0,0,0,..,..,..,..,..,..
Côte d'Ivoire,136381,297908,120691,41627,26218,2842,2842,7.508205674219594,14.347373379040778,5.578135774646846,1.837763620871577,1.10786351533908,0.11515471737255996,0.11148853672668557,15.626645489776095,-18.07102307443551,-21.289691301834143,-9.246055948375359,-44.43876336201417,0
Gambia,39,6599,12016,7998,8378,7854,8044,0.033016432024245916,4.373384584796872,6.583604545404737,4.396800527748,4.510047749013528,4.079152383920224,3.734343518750639,102.62223510507549,11.986419452409889,-8.140951691943044,0.9283542420043287,-1.2917253273805047,0.5975878938646952
Ghana,4102,83200,12991,53537,13828,19265,13469,2.48830762324766,32.901110807935815,6.7802360112943045,17.58563376210435,4.103057115813149,4.645034045097699,2.885513518145593,60.195453763539476,-37.13981075627134,28.32232387272184,-27.0735496318062,6.631889120374856,-8.947480736536079
Guinea,325000,672298,427206,63525,14113,8766,5259,80.52108289707424,86.80357131329043,76.27657010221846,27.66635744803167,7.928740772368228,6.935894798474515,4.359178395583627,14.53753024556832,-9.06870724233955,-38.11665606569897,-30.086743415487156,-9.52431512870505,-12.773492684735258
Guinea-Bissau,3004,15350,7587,7616,7679,8807,11221,19.54711087975013,54.89789349451021,37.100244498777506,36.7283950617284,36.46075684915246,39.43491693905879,41.688958240451775,32.62341480262636,-14.093584353545369,0.07630082266252902,0.16476065718684668,2.7411505894983175,6.056004071485171
Liberia,125,120080,69315,10168,24735,38188,11533,0.13162882776631143,57.57492939783183,45.641609819053386,11.662155342478323,24.952334836425262,33.56331133161656,12.210952058275454,137.35199458010086,-10.98993708669734,-38.38831598206372,17.77947421585038,8.686041709122296,-29.932720972299627
Mali,13411,17916,8412,11233,13558,16257,17953,8.343494923352578,10.168741167055458,4.439635835862251,4.374272285112365,3.9949907918968695,3.8660749957194223,3.834226768895628,5.7923780523250095,-15.120698210092003,5.783932336379579,3.7624180869868336,3.6309361248662584,2.4808411659151246
Mauritania,60000,34394,350,632,26717,77891,78183,53.73936408419166,38.40244746655948,0.6101174911968762,1.0874240781844147,31.550915811476283,46.7667755415726,45.195881771462595,-11.129248633201858,-91.7540851012137,11.819124793267962,74.88331903502525,21.400206931040486,0.09354547864988372
Niger,792,27622,58,301,314,124827,165990,0.6859280814799418,18.919307666490866,0.047439882218223456,0.2418428262668627,0.248292004048583,49.33912521047597,56.42828247116375,71.03612887646895,-123.31849650182912,32.93334508404912,0.8456544231875519,119.70582143527207,7.124969172210221
Nigeria,3571,8118,7270,9019,8747,1781,10535,0.78204900782049,1.7533515191177518,1.4901144129113186,0.9304710438731696,0.88471586834554,0.14852620474266437,0.8385015058802554,16.424762996087892,-2.2065505374255596,4.311543432762864,-0.6124535749170643,-31.830715602603867,44.438201073715696
Saint Helena,0,0,0,0,0,0,0,0,0,0,0,0,0,0,..,..,..,..,..,..
Senegal,58113,66769,22715,23341,22849,17511,17989,21.49069930845753,23.211566673851223,9.795128093453672,9.794878681314993,8.922184215047716,6.570830331412105,6.53577436337147,2.7769901998218627,-21.564268035205515,0.5437194326136672,-0.426082362712855,-5.321561956332874,0.6732801272696338
Sierra Leone,125830,4675,6546,59965,8363,760,678,56.64241856780164,4.74542206342117,6.681364443627902,41.05785689832249,10.578711023970653,1.2922313094043834,1.2478833836413163,-65.85405253726452,6.732500266766768,44.298137652093914,-39.398876885685915,-47.96508120202298,-2.85427863349953
Togo,3477,10876,12223,9287,14051,22705,13807,4.098109471500636,10.706515854030695,8.859300707410414,4.556940907462745,5.5012861522318754,8.185403628183312,4.946228084630762,22.80777347489,2.335217920498028,-5.4940770000250865,8.281559896606637,9.597831938514226,-12.43523636539748
NORTHERN AFRICA AND WESTERN ASIA,3769356,4649756,4913157,5495969,6945517,11105589,13116213,21.406130093477856,24.586190063654605,24.17726005746554,23.606799054193587,21.32976796997459,26.408684113054846,26.99287466359781,4.198211610345169,1.102039272134281,2.241964114548205,4.681630020838493,9.387041592622719,4.160015086158977
Northern Africa,1202485,876194,617699,358231,396684,716678,1367004,50.03422341963738,42.09152399069964,32.50280986377948,20.501164894192353,20.36091655023811,33.506567339187384,46.24742332913488,-6.331160005698878,-6.991724876260194,-10.896465081590298,2.039239284991546,11.82973304640596,16.143752913830053
Algeria,169107,192489,167453,94101,94144,100775,100567,61.728246347927026,73.4601117420773,66.95174123385709,47.66490056832572,43.39153039213879,42.081988366120605,40.37619191006725,2.590147171326604,-2.7867258872498635,-11.52668082696117,0.009137029030868755,1.3612956804851422,-0.051653424023464144
Egypt,1991,5407,18019,99951,109359,250671,289150,1.1453521483262672,3.2385972267976406,9.751913147953717,35.069788004463064,35.27516232980772,70.88290102109201,57.36499931554817,19.981147706356168,24.074646926896186,34.26506618308367,1.799119647276669,16.590105482073124,3.570106555946929
Libya,0,3973,11543,12166,7923,36784,44982,0,0.7820234981034995,2.0342382224603304,1.94589995073671,1.1583367202828079,4.770043545580214,5.497570323728698,..,21.331154316006266,1.0513196653147694,-8.577505078308173,30.705860920754414,5.029986043203858
Morocco,307,55,2105,219,792,5473,6779,0.5592494762728846,0.10921366163621922,3.9691518648414226,0.4027289946486695,1.1169245088775754,5.921622089500563,6.8770669750644196,-34.39029124709453,72.89475121768022,-45.25998032599962,25.7097932399585,38.66041598658985,5.350067157176187
Sudan,1031050,674071,418131,151681,184354,322220,924789,73.49440015510773,63.99027526210466,51.93619066782927,27.759100616925842,29.79656025692207,51.927164665935024,75.61074718827365,-8.499950656713537,-9.550813321105554,-20.280302984866747,3.9015638198022327,11.167534395214911,26.358276533021623
Tunisia,30,199,448,113,112,755,737,0.07898062342038753,0.5255235429265587,1.22007679947711,0.3224885844748858,0.25942740665245995,1.3355267812920115,1.2827430162736055,37.84214886124674,16.229768153809857,-27.54810827405289,-0.17777894834492078,38.1643775590786,-0.6032464264922034
Western Sahara,0,0,0,0,0,0,0,0,0,0,0,0,0,0,..,..,..,..,..,..
Western Asia,2566871,3773562,4295458,5137738,6548833,10388911,11749209,16.881263052890795,22.42107507214316,23.31833175370064,23.85880550914817,21.391424678102133,26.028320378021935,25.745742775351342,7.706634711301849,2.5907760479273936,3.581094388190732,4.8534792210207565,9.22904242927933,3.0761732969198317
Armenia,..,218950,280591,219550,3319,19385,18022,..,31.549036814174087,42.64949080407357,46.80049198604192,1.5718906733223774,10.138651352779043,9.477332127325027,..,4.961093995593929,-4.906361920387546,-83.83832928539778,35.2967207677011,-1.8226584327511723
Azerbaijan,..,233682,54663,3505,1908,1380,1244,..,67.91699363501613,16.688954020882946,1.15975117464099,0.6890549329904911,0.5222505213044153,0.4899817635404727,..,-29.055483060395566,-54.93993086498595,-12.162698949209174,-6.4794414771396305,-2.5937876213031394
Bahrain,1780,891,1,83,165,360,356,1.0276424266217121,0.43256836862010206,0.00041777900326285403,0.020543639144790578,0.02508147679735383,0.051126414319940576,0.048032748620070405,-13.840484316306432,-135.84688854941618,88.37681215593196,13.742097322079655,15.603171150991498,-0.2793325149531297
Cyprus,17,57,97,701,3394,15327,16165,0.0388083552105924,0.0920230541967356,0.12113492182426694,0.5983015405624547,1.7689429080712582,7.981981043641287,8.422692552182658,24.196758475566682,10.633194213376655,39.555938170624145,31.54513117519163,30.152136244094724,1.3308108040156466
Georgia,..,3200,6400,3520,639,2712,2569,..,2.1020133346470917,8.408108569701907,4.867862427569802,0.8749349617986143,3.536545608658799,3.250458657556779,..,13.862943611198904,-11.956740015112407,-34.126236284292155,28.910743893655027,-1.3542412987600663
Iraq,900,116722,127787,50177,34651,285150,290673,1.0760659030584185,58.5190013035195,60.69920437002732,37.75119437234323,29.518097947848602,79.34476224396948,78.97392287169009,97.30311109499085,1.8113955247598394,-18.696161219068472,-7.404603382559101,42.15377544708437,0.47958915979428013
Israel,0,1051,2102,1548,25471,44623,55208,0,0.058643499415517934,0.1135412834918428,0.08192630548879784,1.305793301087093,2.2181439131651564,2.8219957001471108,..,13.862943611198904,-6.1185099457444805,56.01153549859641,11.214177421418459,5.321461228750542
Jordan,929482,1250358,1571234,1972086,2372937,2751479,2928724,81.08193926980353,81.34541931966558,81.50209171380479,84.80580232165111,87.14475999299299,88.41439628075088,87.51072324015607,5.931154951356808,4.568627751711529,4.544611357641269,3.7007312530287813,2.960203137185906,1.560706200126518
Kuwait,30000,3306,2776,1523,184,1641,1695,2.792279533242553,0.3585862201367964,0.2461778581816892,0.11422554257132722,0.009831491442595043,0.057254784839240014,0.05585128729803335,-44.10916764526645,-3.494559135085487,-12.006579374630666,-42.27003190572353,43.762506669622105,0.8094232181114942
Lebanon,305499,342697,379894,421239,462584,1592607,1558615,58.33551336374555,56.33656253544698,54.8256418915506,55.661721178037595,56.367657541841574,80.7117257009412,83.62238199705668,2.298003390922411,2.0609118321793147,2.0661620425405367,1.87255587033816,24.725988261183744,-0.5393672439342769
Oman,0,0,0,7,78,435,701,0,0,0,0.0010507986069412754,0.00955623538232905,0.023434646427751792,0.030661885570367933,..,..,..,48.21597355268557,34.37274408798184,11.92904639864765
Qatar,0,0,35,74,67,238,272,0,0,0.009730411985643471,0.011454647336175326,0.004600343446536113,0.014102533715721363,0.01219901618522412,..,..,14.974340634295121,-1.9874494762640744,25.351561085610175,3.3382848156130644
Saudi Arabia,33261,13169,5480,240913,669,157,210,0.6654269477807598,0.25707136585341095,0.10411546785368433,3.7053169274629143,0.007935984482006787,0.0014575681487380523,0.0016003245763064476,-18.530399134604824,-17.535209635363177,75.66661543010842,-117.72814182638507,-28.99076509559841,7.271543134229014
State of Palestine,910637,1159134,1407631,1681550,1955469,2051096,2214783,..,..,..,..,..,..,..,4.8256819788518595,3.8846994987846633,3.5561567517315957,3.0182815050649894,0.954884441321084,1.919503646746237
Syrian Arab Republic,282794,363644,390811,455945,1483993,590438,589358,39.5992382446019,43.78035419751748,46.80842144598978,51.91174394403786,83.01775435915194,67.77497951040779,67.91027921940248,5.0291329938633735,1.4409740015861299,3.0829624208474815,23.60239037060456,-18.432541447527857,-0.04577063753703877
Turkey,30534,12841,3103,2399,10032,2753760,3787207,2.6239036991078346,1.0558530735347686,0.2422396275302253,0.18184767547277364,0.7338515355141131,63.36022044099704,64.44303552136705,-17.323952799712274,-28.405475827657877,-5.146348032173713,28.61456000066015,112.2988509126221,7.966538939189041
United Arab Emirates,433,407,897,183,624,1084,2751,0.033140105344205535,0.02231215305150215,0.03665698137727268,0.005577372326175705,0.00852843844702056,0.013558260370130502,0.0320358447448172,-1.238490851197898,15.804853532324021,-31.7913941843475,24.533284310560134,11.045256272603277,23.282664473124576
Yemen,41534,53453,61956,82735,192649,277039,280656,34.942749215483374,39.15540416804014,42.745963847109145,48.13784757172531,66.80062692011623,72.92764595321705,72.77894758679349,5.0458078839379175,2.952433851356585,5.784365465165905,16.90454302708881,7.265768204046812,0.32428574002089006
CENTRAL AND SOUTHERN ASIA,7011227,3712870,4277031,2518831,3499008,3435870,3619513,26.792494966204373,17.474126985486603,20.897040874403636,13.28624128747305,17.873666821104877,17.670772413749123,18.4414754655889,-12.714151178609157,2.8290782965431527,-10.589283445697536,6.573691894915303,-0.3641866207142726,1.3017329421539476
Central Asia,3000,55538,101526,67968,12892,3707,4235,0.04524420787421145,0.9405576315519846,1.9565310395942868,1.2981206395795777,0.244865181698246,0.06873990318929415,0.076397184542766,58.36910364958684,12.064949043341858,-8.025558342702512,-33.24860084452455,-24.927680795691927,3.329010098385563
Kazakhstan,..,15561,20579,7330,4720,805,807,..,0.47851024364323386,0.7159920311572565,0.2362209545711333,0.14153190899858079,0.02270125152986695,0.021778108332460768,..,5.590067086460781,-20.64591244923703,-8.803334326021924,-35.37443602322076,0.0620347712846369
Kyrgyzstan,..,13407,10995,3096,3012,512,430,..,2.5865361983879245,2.8205036118863895,1.000649646572872,1.2979122228685929,0.25051129747238016,0.21472086287825826,..,-3.9667266922539928,-25.34659336558488,-0.5501329157966717,-35.44069927760553,-4.363485408797492
Tajikistan,3000,620,15597,1040,4787,2257,2956,0.6994637444625788,0.17798344753937884,5.207696853745755,0.3708114352541841,1.7108159881061298,0.8204259526501176,1.078552637820127,-31.532961792222192,64.50228778025377,-54.15715749832815,30.533663945141814,-15.037348251499466,6.745012631263919
Turkmenistan,..,23323,14757,11965,62,26,22,..,8.525578930053186,6.736295288655982,5.61597349016442,0.031316452755090186,0.013239907116959304,0.011274708266923592,..,-9.154449033337883,-4.194636502419515,-105.25213230594763,-17.38075694047219,-4.176352116579155
Uzbekistan,..,2627,39598,44537,311,107,20,..,0.17367710866950906,2.8153612731763573,3.3488178342952875,0.02548869031569095,0.009138480432976078,0.0017117659947414549,..,54.258722024622074,2.3508338487980587,-99.28565342354625,-21.33928155434656,-41.92741402269788
Southern Asia,7008227,3657332,4175505,2450863,3486116,3432163,3615278,35.86983581687731,23.837107938144378,27.3300393328245,17.86042062585071,24.35902810851663,24.42645048291902,25.670077743467644,-13.007016496383434,2.6500277845795397,-10.655902032817735,7.0469603014851625,-0.31195095669571804,1.2994519945400624
Afghanistan,25,19605,0,32,6434,407953,76146,0.04333807162916479,27.411146220743266,0,0.03665521191294387,6.292666705788001,83.29838345764871,50.84467354869726,133.2932817971646,..,..,106.07231609998489,82.99111085746637,-41.96248554085175
Bangladesh,73,10996,21919,125586,229253,232584,932334,0.008280239605180026,1.176376192182811,2.218852400104064,10.764206736950372,17.037916206506505,16.3468641170083,42.65778067754905,100.2965481627349,13.796445405964308,34.91273884504099,12.036708286963558,0.28850505797833276,34.71099173712693
Bhutan,0,0,0,0,0,0,0,0,0,0,0,0,0,0,..,..,..,..,..,..
India,212743,227480,171000,139586,188567,207861,207619,2.8011662188383872,3.2720398812583804,2.667152889158273,2.3563014173831798,3.466459353522712,3.966086365856637,4.027732161699035,1.3395491598819724,-5.707975318718783,-4.059653154727392,6.015449652691098,1.9483241135658425,-0.02912294543261421
Iran (Islamic Republic of),3512201,2071988,1851844,974302,1073366,982085,979519,81.8389454192037,70.53172788756251,66.04753183620117,37.926374015640754,38.86808946099688,36.021045913689015,36.519047324337286,-10.554687472134583,-2.2465326691969234,-12.844317224239038,1.936669340096223,-1.7775384307296669,-0.06540569512536015
Maldives,0,0,0,0,0,0,0,0,0,0,0,0,0,0,..,..,..,..,..,..
Nepal,17325,124754,129237,126436,87514,32684,21607,4.029313400345138,18.07439603027998,18.002089427496866,18.608388757493117,15.123639738221433,6.415281733405827,4.402386298344343,39.48386506339749,0.7060825962673872,-0.43823353541152504,-7.358749414474013,-19.698262380849457,-10.346708131473196
Pakistan,3265845,1202493,2001466,1084694,1900621,1567604,1396619,52.60531065022992,32.77165612698634,47.86006974800044,34.20526171726689,48.21970140953413,44.70540592952557,42.86766208979926,-19.98243265964054,10.189660205432723,-12.251639849625484,11.217655106220718,-3.8526467172996806,-2.887350580154424
Sri Lanka,15,16,39,227,361,1392,1434,0.0360915281153004,0.03917631791581989,0.09717930828266719,0.5743055204169407,0.9266151595266818,3.505767390318844,3.5833874756359636,1.2907704227514232,17.819458477797305,35.227767427035126,9.278558817029564,26.99237765122968,0.7431545066300173
EASTERN AND SOUTH-EASTERN ASIA,460736,466010,612677,465074,497535,628284,644936,6.739964206520827,5.58777985962743,5.831568980332778,3.5920852923496045,3.159335312451522,3.5150556526421157,3.524889363511785,0.22763764552060162,5.472615742825824,-5.512826951064974,1.349387463439244,4.666527753196755,0.6539698380938433
Eastern Asia,302759,300610,298488,300444,304809,326732,367613,7.646846662992584,6.479014274263544,5.5347261007038,4.823555023822046,4.315863146434697,4.278614639862228,4.535204824616161,-0.14246731848007385,-0.14168025091461406,0.130632990321017,0.28847940800032373,1.3890982412711523,2.947262284592675
China,285788,289747,293705,297346,300986,301052,322383,75.93454157046028,65.52426740962194,57.81207556974534,43.79517105164321,35.41590918985575,30.780965312469966,31.27287507360281,0.2751570240506515,0.271354676419346,0.2464116333475169,0.2433461627580258,0.004385105276701844,1.711431810264554
"China, Hong Kong SAR",10092,5536,979,567,154,2448,103,0.4549074971838738,0.2265326348577092,0.03667872806113771,0.020836127714071003,0.005539667979639921,0.08623772090049371,0.003500717477145073,-12.00941624926886,-34.6499170953399,-10.923446776055165,-26.068134026282465,55.32148082437176,-79.20744138506453
"China, Macao SAR",0,0,0,0,0,7,5,0,0,0,0,0,0.0018613753968718255,0.001251338932657944,..,..,..,..,..,-8.411805915530323
Dem. People's Republic of Korea,0,0,0,0,0,0,0,0,0,0,0,0,0,0,..,..,..,..,..,..
Japan,6649,5322,3752,1941,2586,16305,33395,0.6183292926643957,0.39064249018806185,0.22247996375806134,0.09649251449749074,0.12117230692673574,0.7304489001603359,1.336392823856663,-4.452345897296409,-6.991202828230383,-13.181714539142101,5.73817952325585,36.82719057783233,17.923359473407917
Mongolia,0,0,0,2,13,15,0,0,0,0,0.01742615666114838,0.08093637156020421,0.07542995071909886,0,..,..,..,37.436043538031825,2.8620168728134647,..
Republic of Korea,230,5,52,588,1070,6905,11727,0.5318287973732282,0.004035968551733045,0.021291928721174004,0.12097147500848653,0.11630599128031158,0.604066007224297,1.00777292238679,-76.57282792978191,46.83611612294654,48.509664586343995,11.973739591146497,37.291742767748815,13.241202215441803
South-Eastern Asia,157977,165400,314189,164630,192726,301552,277323,5.491765324256001,4.470201405005382,6.144655175381091,2.4503970601784353,2.2189232616327508,2.9455090783689712,2.721289562507292,0.9183465955832563,12.832558661420457,-12.925883680013667,3.1513791882473456,8.953459624039485,-2.093989510767859
Brunei Darussalam,0,0,0,0,0,0,0,0,0,0,0,0,0,0,..,..,..,..,..,..
Cambodia,0,15,34,130,129,104,114,0,0.016263688604575516,0.023274121230790295,0.11400408660802765,0.15736121107139808,0.1406108459635223,0.14494780607509314,..,16.366206470279028,26.823478516788423,-0.15444092187820554,-4.308430104405989,2.2951887313280723
Indonesia,2138,202,142562,405,811,13548,13789,0.4591806053108597,0.05330377876293013,48.771326037351145,0.13986352083103104,0.2655394609319748,4.006814068211662,3.9047389808430206,-47.18716788367572,131.18529148771438,-117.27290409360769,13.887619740177476,56.31452319644499,0.4408059476019694
Lao People's Democratic Republic,0,0,0,0,0,0,0,0,0,0,0,0,0,0,..,..,..,..,..,..
Malaysia,14862,23323,50487,44531,92855,154581,151291,2.135590297735372,2.488136996355754,3.449512776049161,2.3211314649330936,3.8411182285063052,4.711857080892656,4.410327718795002,9.012647568258583,15.445517585016788,-2.5106060309373612,14.697071215856766,10.193581883099512,-0.5378274060724321
Myanmar,0,0,0,0,0,1,0,0,0,0,0,0,0.0013640889931659142,0,..,..,..,..,..,..
Philippines,19860,783,196,138,316,479,672,12.89016102965516,0.3776314837589525,0.06161681258743457,0.053598893843118375,0.15148682400203262,0.2260905683888569,0.30750926646227067,-64.66660483216721,-27.70036073520572,-7.01721948146625,16.56977056859415,8.319167676480063,8.46394357780586
Singapore,146,112,0,3,7,1,0,0.020075296110617633,0.011296107280744575,0,0.0001753776758248889,0.0003233564025029633,3.931377027705986e-05,0,-5.302155008264839,..,..,16.945957207744073,-38.91820298110627,..
Thailand,99821,106565,104965,117053,96675,132838,111457,18.880711490411258,13.160722224966657,8.344987084807775,5.4104861362446135,2.9984823817642647,3.8100389901007476,3.066145633458365,1.307530911789212,-0.30256332713832595,2.1799972484961594,-3.8254397237546574,6.355510063914684,-4.387286859882719
Timor-Leste,..,..,..,13,5,0,0,..,..,..,0.11518695729222045,0.04332755632582322,0,0,..,..,..,-19.110228900548726,..,..
Viet Nam,21150,34400,15945,2357,1928,0,0,75.2187211039192,67.10623853926886,28.0949360397505,4.553005717817957,3.1219638577628084,0,0,9.728333177741314,-15.378225278346633,-38.23511353016054,-4.018128555312804,..,..
LATIN AMERICA AND THE CARIBBEAN,1197274,352309,44176,53436,394300,415459,607263,16.718502644256247,5.267218940572995,0.6723150505826675,0.7396045532268632,4.772202086237795,4.400266096739785,5.202158980400381,-24.465879070604256,-41.52653952484799,3.8060604187953415,39.972547295120314,1.0454378449894692,9.489451062672623
Caribbean,6632,3532,1612,1370,3566,3513,12138,0.6277431818590551,0.3074726652273835,0.12918084757701767,0.10447161384241258,0.26875095619118244,0.2357851046636186,0.7960424792086532,-12.600842701825608,-15.687772773145541,-3.2532980848880606,19.132675592018302,-0.2994829231451746,30.99676635324934
Anguilla,0,0,0,0,0,0,1,0,0,0,0,0,0,0.017608733932030288,..,..,..,..,..,..
Antigua and Barbuda,0,0,0,0,0,16,2,0,0,0,0,0,0.056973970017448285,0.00684767350292738,..,..,..,..,..,-51.986038541995896
Aruba,0,0,0,0,0,2,17,0,0,0,0,0,0.00553801849698178,0.04653454505638892,..,..,..,..,..,53.50165408740677
Bahamas,0,50,100,64,28,94,18,0,0.1579579200101093,0.27431831897734127,0.14036626823116571,0.05115463314820228,0.15849998313829966,0.028588672532638734,..,13.862943611198904,-8.925742052568388,-16.53357146368936,24.221805441896,-41.323075609345985
Barbados,0,0,0,0,0,0,0,0,0,0,0,0,0,0,..,..,..,..,..,..
British Virgin Islands,0,0,0,1,2,0,0,0,0,0,0.006659563132658497,0.011713716762328687,0,0,..,..,..,13.862943611198904,..,..
"Bonaire, Sint Eustatius and Saba",0,0,0,0,0,0,0,0,0,0,0,0,0,0,..,..,..,..,..,..
Cayman Islands,0,0,0,1,1,19,55,0,0,0,0.004835823782581363,0.00415679428025107,0.07258280169614546,0.18975332068311196,..,..,..,0,58.88877958332881,26.57235515165076
Cuba,3989,2475,961,686,411,328,347,11.543915497033714,9.45125443922557,5.393422381861039,5.747800586510264,6.1897590361445785,6.174698795180722,7.101923864101514,-9.546003538052318,-18.920425320649965,-6.7419356248881455,-10.245688264593012,-4.511592122241817,1.407779289067885
Curaçao,..,..,..,..,6,78,803,..,..,..,..,0.01732751898807289,0.20738613703437822,1.964141574737666,..,..,..,..,51.29898714923073,58.291147181429245
Dominica,0,0,0,0,2345,1373,1424,0,0,0,0,28.914919852034526,16.965278635858148,17.231364956437563,..,..,..,..,-10.705745502248172,0.9117921550987516
Dominican Republic,2643,985,510,584,599,1373,1450,0.9077763772063294,0.30459427115384025,0.14341513620219848,0.1553187358544259,0.1521385756375089,0.24995949309015836,0.2554399909803258,-19.740565468644007,-13.16461830907435,2.7098051421971108,0.5072123057444445,16.589836153050435,1.364135741166227
Grenada,0,0,0,0,0,0,0,0,0,0,0,0,0,0,..,..,..,..,..,..
Guadeloupe,0,0,0,0,0,0,0,0,0,0,0,0,0,0,..,..,..,..,..,..
Haiti,0,0,0,0,0,3,3,0,0,0,0,0,0.0166333998669328,0.01599488163787588,..,..,..,..,..,0
Jamaica,0,19,38,30,21,19,16,0,0.0836525337912209,0.15229240141070857,0.12338570370979682,0.08869366896143938,0.08201320844304398,0.06817794443497528,..,13.862943611198904,-4.7277755612846075,-7.13349887877465,-2.0016691711396506,-4.296256423166482
Martinique,0,0,0,0,0,0,0,0,0,0,0,0,0,0,..,..,..,..,..,..
Montserrat,0,0,0,0,14,0,0,0,0,0,0,1.0844306738962044,0,0,..,..,..,..,..,..
Puerto Rico,0,0,0,0,0,0,0,0,0,0,0,0,0,0,..,..,..,..,..,..
Saint Kitts and Nevis,0,0,0,0,0,0,0,0,0,0,0,0,0,0,..,..,..,..,..,..
Saint Lucia,0,3,3,3,7,2,0,0,0.04192872117400419,0.030392057542295615,0.030481609428977846,0.07733952049497293,0.023060071486221606,0,..,0,0,16.945957207744073,-25.05525936990736,..
Saint Vincent and the Grenadines,0,0,0,0,0,0,0,0,0,0,0,0,0,0,..,..,..,..,..,..
Sint Maarten (Dutch part),..,..,..,1,1,11,8,..,..,..,0.0076335877862595426,0.0038167938931297713,0.04030042132258656,0.028308563340410476,..,..,..,0,47.95790545596741,-7.961343277963365
Trinidad and Tobago,0,0,0,0,131,195,7994,0,0,0,0,0.2716377058018496,0.3898362687671178,13.492210839001503,..,..,..,..,7.956044707251904,92.83617451768805
Turks and Caicos Islands,0,0,0,0,0,0,0,0,0,0,0,0,0,0,..,..,..,..,..,..
United States Virgin Islands,0,0,0,0,0,0,0,0,0,0,0,0,0,0,..,..,..,..,..,..
Central America,1162216,313977,37295,26083,38361,51728,45366,63.512159880999675,24.17223284646582,3.3672602446601902,1.8822800969609148,2.1921323016789147,2.7531588303545766,2.353389137661281,-26.17528143444119,-42.60920930821376,-7.15151016578697,7.7151511475872585,5.979158049718726,-3.280907379472237
Belize,30404,8750,9812,624,134,814,3126,100,26.16157388028464,26.8910326682745,1.5063731170336037,0.2890422778257118,1.48882466986136,5.210173672455749,-24.910409566685416,2.2910485205343942,-55.104220740179045,-30.766211368370328,36.08241132103258,33.638728624472044
Costa Rica,277505,24226,6608,11253,19505,6899,11944,66.44789142490445,6.650251038329669,2.1251278357013756,3.1417603126963076,4.811250012333376,1.6757469692516582,2.85900308305088,-48.768250288951485,-25.982908007518667,10.647074470983659,11.000721663815199,-20.785887387892963,13.721314666822943
El Salvador,20515,10279,42,40,38,35,30,43.31714527027027,25.998431848648103,0.13243780153249457,0.11105250006940781,0.09423668286876302,0.08324414317992627,0.07039444353192388,-13.821066937267288,-110.00377279459106,-0.9758032833886411,-1.0258658877510116,-1.6447619647394423,-3.853766995681459
Guatemala,223239,111983,726,432,138,3851,388,84.47798923018122,71.69756959561553,1.5087595336561441,0.7545587927059316,0.20788141720896602,4.914998978966715,0.4824610487310529,-13.797917447320899,-100.77104676435064,-10.382488531613713,-22.823438061738113,66.57668897315408,-57.37706985479088
Honduras,237144,118578,11,13,14,26,28,87.6937242764114,79.34717147789779,0.038649379853132354,0.04663677130044843,0.05130460275579009,0.06785499908656732,0.07191842395910925,-13.86193159348838,-185.7086195614024,3.3410816932633245,1.4821594430744367,12.380784168124471,1.852699303843046
Mexico,356454,38717,18451,3229,1395,19385,19385,51.23865488720292,8.44337246401148,3.429228827750529,0.45320125139125345,0.1438829628132162,1.8842285646523194,1.8275546404426481,-44.39852838406107,-14.82320421016218,-34.85892155567214,-16.785561530056185,52.63210311699127,0
Nicaragua,15605,577,332,227,64,462,736,37.67412665073272,2.167624629024381,1.0925005758662674,0.6500945071309926,0.17143010205448264,1.1474839799314491,1.7452338044199944,-65.9500877639356,-11.05414595183222,-7.603699028701719,-25.321338682434614,39.53363615444134,11.641630691178435
Panama,1350,867,1313,10265,17073,20256,9729,2.1516001530026774,1.2237466124661247,1.574151780362067,8.731488648639454,10.853161611859461,10.966379730388176,5.256873000778076,-8.856417893038666,8.300617950445085,41.12850910300476,10.175164356363993,3.4190555534533837,-18.33349824921188
South America,28426,34800,5269,25983,352373,360218,549759,0.6649392499655553,0.8205468709105287,0.12499736079780058,0.5738462340333244,6.795203036708865,5.931561890581819,6.687409155816454,4.046263349272171,-37.7555359110656,31.912037735797373,52.14495591259204,0.44038260168623256,10.569264916192445
Argentina,12185,7278,2371,2824,4223,4285,7515,0.7385211031571853,0.45628120162826813,0.15393914761472233,0.1687896870935659,0.23383723975709275,0.20538733126843575,0.33960284317398287,-10.30699175774403,-22.43088584213399,3.4968502509545454,8.047829126416218,0.2914955219587323,14.044511778879867
Bolivia (Plurinational State of),235,685,354,538,736,756,775,0.3186095067653678,0.8193975932438575,0.38205011979537656,0.49932711494732934,0.5991241066050177,0.5287119988250845,0.49643209449504844,21.396666482361322,-13.202438502569017,8.3712329405602,6.267431171341836,0.5362251490131354,0.6205413293453496
Brazil,5333,19605,0,3653,5157,35786,96010,0.6678630511310342,2.6437617067872057,0,0.572048695390725,0.8702798666144645,4.994082906297797,11.897061484053403,26.037414082516598,..,..,6.896125345113529,38.74403480801696,24.67238993099656
Chile,179,262,344,983,1621,2913,10346,0.16651007897600953,0.18396680171608726,0.19398642095053348,0.3556954696772326,0.4318198770338956,0.45535262081772765,1.1006476650865114,7.619173958406836,5.445943072246029,20.999349255475366,10.003788031770192,11.72280470447517,31.685412340100644
Colombia,580,408,235,224,212,6899,8390,0.5562108614555462,0.38151164639106816,0.21439845268180535,0.2081552243244248,0.17059490951227557,4.958529187689566,0.734470843958649,-7.035218582726068,-11.033633205200058,-0.9587892457823812,-1.1011955436605487,69.65090955748192,4.8916011728785795
Ecuador,634,796,958,10063,121249,133118,104185,0.8059697697774048,0.6916146073175606,0.6322472495924711,5.369682610830078,37.26541802155111,34.35187980790322,27.308804294547674,4.551004628143141,3.7049718425295497,47.03545663924945,49.77961902819412,1.867793411213458,-6.126694697485286
Falkland Islands (Malvinas),0,0,0,0,0,0,0,0,0,0,0,0,0,0,..,..,..,..,..,..
French Guiana,6601,3301,0,0,0,0,0,10.376972898195309,4.706905648001597,0,0,0,0,0,-13.859913996711553,..,..,..,..,..
Guyana,0,0,0,4,7,11,7,0,0,0,0.0368052999631947,0.05332927015084565,0.07150286011440457,0.044588827313841645,..,..,..,11.192315758708453,9.039702474861144,-11.299628093576432
Paraguay,66,60,23,58,115,209,256,0.0336934103857385,0.03215951117543013,0.013023192607356404,0.03447394542417812,0.07174093412934578,0.13357876033797345,0.15948267806303304,-1.906203596086498,-19.17700692585902,18.498975892345392,13.689782356336616,11.948042472031217,5.071079812868786
Peru,724,610,694,1184,1410,1867,196133,1.2771662432966413,1.075230910244659,1.0467571644042233,1.520346186935809,1.3466277004183143,1.2062749557419206,25.075527155895976,-3.4266487043671883,2.580260066788952,10.68363709874293,3.4938233585652583,5.614863203390173,116.36150339935025
Suriname,52,50,1,2,8,5,91,0.28756290438533433,0.2240143369175627,0.0036355704209990545,0.00594106463878327,0.020144537053357843,0.011593665221323069,0.19715319453170702,-0.7844142630656253,-78.24046010856291,13.862943611198904,27.72588722239781,-9.400072584914712,72.53553985206874
Uruguay,87,132,82,130,229,380,2373,0.08867055322271597,0.14128526779980305,0.09226545446362266,0.15792606630465153,0.30011926136587025,0.4822396223302326,2.9122996490022337,8.337876078635741,-9.521653506442354,9.216304063826588,11.323751061973145,10.128984983323837,45.7934750928833
Venezuela (Bolivarian Republic of),1750,1613,207,6320,217406,173989,123678,0.17073020822256196,0.1581378750504904,0.020419477221925192,0.5871019643762878,16.13585809743147,12.388425915377429,8.990252164368426,-1.6303997758470177,-41.0626456971968,68.37511387751067,70.7609473008709,-4.455489887539059,-8.532766622006354
OCEANIA,110670,92440,83235,82168,37794,60487,109308,2.3388325237835197,1.8405957285993413,1.5525352293158046,1.3641437776462908,0.5302426596031247,0.7495343214277571,1.2243382420887272,-3.5998602974102805,-2.0978370592041147,-0.2580400116494201,-15.532311439913125,9.40556212093457,14.793527990902438
Australia / New Zealand,102581,82839,76169,72029,27812,49627,98172,2.293204508568695,1.7469406553890203,1.5038115024433063,1.259692667797835,0.4071782962782832,0.6387440269382735,1.1391494253487087,-4.275075308222579,-1.6788881844247299,-1.1177148013917328,-19.032024669277337,11.581349164509422,17.054650046432972
Australia,97915,79081,71246,66722,25505,48005,96295,2.475593602670703,1.904038446258785,1.624303220290681,1.3678062660541244,0.433538784765544,0.7133272805892659,1.275553795267622,-4.272542234479582,-2.0866793284573277,-1.312078872031002,-19.233204444910285,12.648613215493945,17.40278060566471
New Zealand,4666,3758,4923,5307,2307,1622,1877,0.9006904778910021,0.6384457125771087,0.7252365526293691,0.6318218183896223,0.24349749800251838,0.15600113875060592,0.17562753862261973,-4.328305452159292,5.400623995695799,1.5021720613938885,-16.661574493082824,-7.045760469967909,3.650370047778764
Melanesia,8089,9601,7066,10139,9704,9980,10041,8.869517543859649,9.915520304044284,7.415959110420756,9.747445129161578,8.767222297510955,8.362381016222013,8.126153248518985,3.4272429135934237,-6.131454215570666,7.221896500669786,-0.877024046573874,0.5608983736324716,0.15234051434816634
Fiji,0,0,0,1,1,20,19,0,0,0,0.008041817450743867,0.007490075649764063,0.14544396771143916,0.13534691551503064,..,..,..,0,59.91464547107982,-1.2823323596887644
New Caledonia,0,0,0,0,0,0,0,0,0,0,0,0,0,0,..,..,..,..,..,..
Papua New Guinea,8089,9601,7066,10138,9699,9955,10018,23.99584692969445,28.637475392232894,26.862834549878343,33.674350627781834,31.878389482333606,32.17517776341306,32.09662950147379,3.4272429135934237,-6.131454215570666,7.219923822264082,-0.8853590527750372,0.5210430020950775,0.15771343548163635
Solomon Islands,0,0,0,0,0,3,3,0,0,0,0,0,0.11605415860735009,0.11848341232227488,..,..,..,..,..,0
Vanuatu,0,0,0,0,4,2,1,0,0,0,0,0.13373453694416582,0.06275494195167869,0.030816640986132512,..,..,..,..,-13.862943611198904,-17.328679513998633
Micronesia,0,0,0,0,278,880,1092,0,0,0,0,0.24169709615719007,0.775173312896946,0.9255962976148095,..,..,..,..,23.0460158756323,5.396106220814955
Guam,0,0,0,0,0,0,0,0,0,0,0,0,0,0,..,..,..,..,..,..
Kiribati,0,0,0,0,0,0,0,0,0,0,0,0,0,0,..,..,..,..,..,..
Marshall Islands,0,0,0,0,0,0,0,0,0,0,0,0,0,0,..,..,..,..,..,..
Micronesia (Fed. States of),0,0,0,0,1,14,0,0,0,0,0,0.03563791874554526,0.5079825834542816,0,..,..,..,..,52.78114659230517,..
Nauru,0,0,0,0,277,865,1092,0,0,0,0,23.41504649196957,45.767195767195766,51.65562913907284,..,..,..,..,22.774240014890818,5.825916234324277
Northern Mariana Islands,0,0,0,0,0,0,0,0,0,0,0,0,0,0,..,..,..,..,..,..
Palau,0,0,0,0,0,1,0,0,0,0,0,0,0.0202552157180474,0,..,..,..,..,..,..
Polynesia,0,0,0,0,0,0,3,0,0,0,0,0,0,0.004387632725889958,..,..,..,..,..,..
American Samoa,0,0,0,0,0,0,0,0,0,0,0,0,0,0,..,..,..,..,..,..
Cook Islands,0,0,0,0,0,0,0,0,0,0,0,0,0,0,..,..,..,..,..,..
French Polynesia,0,0,0,0,0,0,0,0,0,0,0,0,0,0,..,..,..,..,..,..
Niue,0,0,0,0,0,0,0,0,0,0,0,0,0,0,..,..,..,..,..,..
Samoa,0,0,0,0,0,0,3,0,0,0,0,0,0,0.07434944237918216,..,..,..,..,..,..
Tokelau,0,0,0,0,0,0,0,0,0,0,0,0,0,0,..,..,..,..,..,..
Tonga,0,0,0,0,0,0,0,0,0,0,0,0,0,0,..,..,..,..,..,..
Tuvalu,0,0,0,0,0,0,0,0,0,0,0,0,0,0,..,..,..,..,..,..
Wallis and Futuna Islands,0,0,0,0,0,0,0,0,0,0,0,0,0,0,..,..,..,..,..,..
EUROPE AND NORTHERN AMERICA,1933520,3792129,3492605,2558595,2176698,3535382,4682013,2.5039550360373486,4.3672636949914665,3.5928275718250218,2.348237986097387,1.7893283461716207,2.706167348054712,3.3216988823621056,13.471708537078007,-1.6455945336133038,-6.223791928312616,-3.2329846017805246,9.700246122577322,7.022669747775908
EUROPE,1323376,3016710,2472899,1862341,1750314,2820482,3595669,2.6676540834524016,5.639782471542394,4.349194006738237,2.9284475393295386,2.4764613895195855,3.7602305955298045,4.36873718471347,16.479615725132064,-3.9755137391976634,-5.67113696243292,-1.2407819617687794,9.542251838377382,6.070556833097475
Eastern Europe,45774,52683,45370,34195,48262,421850,194230,0.20810798228277008,0.24682671446249094,0.22201251383296505,0.1731869699583536,0.25253933846226134,2.1260953725510277,0.9578008895520901,2.8115315705135986,-2.988834583719095,-5.655433182516263,6.891301339525404,43.36010598170613,-19.390169419189856
Belarus,..,28988,869,781,655,2088,2408,..,2.4436010999071045,0.07734165431039547,0.07055218603373858,0.06007091118859698,0.19281469750347446,0.22517404700788762,..,-70.1458820992756,-2.135359508514121,-3.5187982840886827,23.18653426734555,3.5647464356545573
Bulgaria,0,1320,2790,5218,6942,26056,21818,0,4.069677817172807,6.434501845018451,8.543733831090153,9.099846631798341,21.046339749440644,12.947138550642077,..,14.968197184699896,12.521451817625248,5.709514614501156,26.453163010686758,-4.437818769959183
Czechia,..,2655,1209,1829,2449,4303,4455,..,1.603338325522972,0.5475816277079021,0.5670614497426676,0.6145653750505028,1.0332473694573712,0.8689207243931695,..,-15.73302166122493,8.279515955521461,5.83820817122604,11.272653517728637,0.8678651766577508
Hungary,45123,11394,6698,8730,5781,41086,6272,12.984662311875915,3.5359397208239973,2.255545415666241,2.380127976182362,1.3240467596240175,8.640443483600697,1.224897127780284,-27.526103865659646,-10.625558533723819,5.299127909589961,-8.243773835023436,39.2218150553996,-46.98930369555532
Poland,0,600,1020,6231,17681,17368,15037,0,0.0621938894503615,0.12359875965009433,0.8624114024877197,2.7522621599366146,2.8039902938797523,2.292278024649954,..,10.612565021243407,36.194684125318105,20.859075662677345,-0.35722368239923197,-3.602890050895191
Republic of Moldova,..,0,266,232,229,556,423,..,0,0.10733250480171731,0.13557578803426795,0.1768503645125417,0.5226841145392671,0.4039613037540707,..,..,-2.735178742307783,-0.2603073622414072,17.740925813926854,-6.834902880107609
Romania,651,194,1685,2320,1409,3030,5370,0.47929320817228055,0.14366432903574575,1.255083647414602,1.5982144087295573,0.7950973698021004,1.0781076542085337,1.16095055258652,-24.213029662904823,43.23325367446268,6.396032437477871,-9.973739055233509,15.313647732094694,14.30663222498739
Russian Federation,..,0,26956,1815,6385,316595,128139,..,0,0.22651535503693732,0.01555591438436119,0.057035867834003745,2.719123037193312,1.1007976506970154,..,..,-53.96240878734313,25.157320435353768,78.07343730078435,-22.612693557692747
Slovakia,..,2339,846,3075,728,993,913,..,3.3740605571022604,0.7269540111363167,2.3564843552428902,0.4975430395232335,0.5590460748547493,0.4856796323091327,..,-20.339188139559113,25.8108164126879,-28.815182640878646,6.2085923169697335,-2.0998695862551022
Ukraine,..,5193,3031,3964,6003,9775,9395,..,0.08413343533682051,0.05483901375172854,0.0784903556262576,0.12457543599846185,0.19887523086820277,0.18925152081071767,..,-10.768379335730316,5.367220367841511,8.30011455603929,9.751375232034468,-0.9912618251500197
Northern Europe,207043,396827,499978,501986,434022,651984,596732,3.115487604213612,5.515451107629596,6.328056050818044,5.235120839761831,3.8257182774562906,4.913439574250563,3.9531964519993608,13.011478325789094,4.621273600070381,0.08016266804921354,-2.9095401359347455,8.138495953767158,-2.213798009230782
Channel Islands,0,0,0,0,0,0,0,0,0,0,0,0,0,0,..,..,..,..,..,..
Denmark,31827,50924,70021,43972,17922,42260,39937,13.532520653601996,16.800612323000383,18.872262321238942,9.984944922942075,3.5788742182070883,7.092079560176949,5.524722013949796,9.400386781083096,6.369217437179161,-9.304842586834795,-17.95048118509179,17.156240074517655,-1.413444992258569
Estonia,..,1,2,21,39,254,455,..,0.0003167012398853541,0.0008015646542050083,0.008985840882152837,0.017898939832025333,0.1304812394690338,0.23916905835725025,..,13.862943611198904,47.02750514326956,12.380784168124471,37.4754524177778,14.574078798310344
Faroe Islands,0,0,0,0,0,0,0,0,0,0,0,0,0,0,..,..,..,..,..,..
Finland,2174,7624,13073,10899,8724,37069,23955,3.4368824598845946,7.644717183567468,9.59817331483154,5.671570336526703,3.8182605993496175,11.773318596437736,6.2526754298959055,25.09464755305767,10.78495736455644,-3.6375598534509694,-4.45186387135584,28.93406384936064,-10.915099261808228
Iceland,43,146,249,166,83,340,719,0.44866444073455763,1.1461767938451877,1.5668260760130885,0.6511846853914953,0.2365278846427859,0.8701883701883703,1.3720326692618885,24.44813012029548,10.676925495127424,-8.109302162163289,-13.862943611198904,28.202100196272184,18.72289350277099
Ireland,360,400,14610,9527,14236,11180,12314,0.15792174977298748,0.17629532993670996,4.167712636071111,1.6173609531343902,1.9486901506005132,1.4724941258284425,1.4772710913619111,2.107210313156527,71.95993915273526,-8.551527060759316,8.03288189846608,-4.832949998419863,2.4152589690516315
Isle of Man,0,0,0,0,0,0,0,0,0,0,0,0,0,0,..,..,..,..,..,..
Latvia,..,4,7,38,68,387,725,..,0.0007433659237343731,0.0016272333778110455,0.010086933439511581,0.021670820240546104,0.14580774476486147,0.30556421906214964,..,11.192315758708453,33.833520213421444,11.638430908994419,34.7783397570735,15.693674045622325
Lithuania,..,0,55,531,803,1175,1863,..,0,0.0256636383573405,0.26390469611200296,0.49946508098425096,0.8638372016085751,1.5893463461243156,..,..,45.34857672018936,8.271853854096458,7.613374252629954,11.52299860058323
Norway,19581,47607,47693,43034,52733,75705,62083,10.16735293659489,20.405740199398206,16.3086445082752,11.916022417650577,10.010079745785394,10.143024618991793,7.154356306142792,17.7684020185525,0.03609654704919831,-2.055882713400308,4.065018892033807,7.232055258547715,-4.959300225267669
Sweden,109663,199212,168020,90617,101264,326566,292479,13.903091787562104,21.2828330958033,16.73842745253527,8.049192122864833,7.311854975959056,19.481776140273848,14.585953590895716,11.93915114824167,-3.4057312872647634,-12.348823730409489,2.221782692334457,23.418022084123923,-2.7559800754101116
United Kingdom,43395,90909,186248,303181,238150,157048,162202,1.1888109589221227,2.187787961041496,3.9374524990143054,5.115980747047496,3.34496122288917,1.8670476340383109,1.698075084981224,14.79029558174117,14.344402255274268,9.745017359001153,-4.828585193003364,-8.326984722822742,0.8072745238946929
Southern Europe,33975,905781,589293,203939,223940,301408,542138,0.7827549240986914,14.538750161313207,7.671434781029552,1.6989240844454547,1.38182246302542,1.9057823658098314,3.2849776823801324,65.66345189864063,-8.597480833916718,-21.22205167504613,1.8711445862190916,5.941733396167116,14.676393823427292
Albania,3000,4720,528,91,99,934,163,4.544559404965689,6.614905961824144,0.6884412282417368,0.14056442021038323,0.18755683540466808,1.7950837001018622,0.3315703824247355,9.063930218587085,-43.80935589746679,-35.164735543788225,1.6852068723547962,44.88713176188505,-43.643155935552
Andorra,0,0,0,0,0,0,0,0,0,0,0,0,0,0,..,..,..,..,..,..
Bosnia and Herzegovina,..,..,38152,10768,7016,6798,5423,..,..,45.992863342655994,22.778811981722797,18.08620334089503,17.623269559807124,15.175598153071219,..,..,-25.299988161871028,-8.567710356649801,-0.6312960759191528,-5.649482085375016
Croatia,..,198647,22437,2927,863,575,832,..,29.46913223109845,3.8334318586429474,0.5052885254448248,0.15054566261024896,0.10247855524841694,0.16059202869038358,..,-43.616359966617004,-40.734667483357825,-24.42637191216916,-8.12089300572155,9.236560000596453
Gibraltar,0,0,0,0,0,0,0,0,0,0,0,0,0,0,..,..,..,..,..,..
Greece,8488,4428,9032,11257,57168,50979,83110,1.3731539346328254,0.5161741563210351,0.8124749812218609,0.945404704935807,4.327142510042395,4.101537986232465,6.860759033896822,-13.01410772930583,14.25651624001941,4.404326610506122,32.50008287816774,-2.291610361219516,12.218781208621419
Holy See,0,0,0,0,0,0,0,0,0,0,0,0,0,0,..,..,..,..,..,..
Italy,12379,9408,6437,20675,56397,177193,354698,0.8667438257018008,0.5300419053113489,0.30339050793519123,0.5227837634868097,0.9743960366924544,3.0522478660981776,5.653709233529952,-5.488821947868041,-7.589955961715847,23.337252956785527,20.069814493803577,22.896471368095256,17.35067972977947
Malta,0,416,190,1939,6136,7665,9273,0,2.344983089064262,0.8828586032247572,7.894951140065147,18.58943286476006,14.560616997834428,10.915961341510789,..,-15.673223762015542,46.45807166164332,23.040013756088804,4.449828965176447,4.761060987357785
Montenegro,..,..,..,..,16369,1791,952,..,..,..,..,20.849042184634197,2.4972461969631476,1.3414685698986855,..,..,..,..,-44.252303581672855,-15.799109181733664
North Macedonia,0,9048,9051,1997,1559,718,425,0,8.274878135774582,7.20248279154896,1.5642256808728958,1.2019953585554468,0.5492235906065938,0.3239946636173051,..,0.006630200624289535,-30.224583888227112,-4.952029287160775,-15.506606000191045,-13.109510003095181
Portugal,867,248,433,363,384,1435,1668,0.19895268735285074,0.04654462465889171,0.06646486725446374,0.047070478640635696,0.05033919968538,0.16593163385421605,0.1878035763745803,-25.032204612311194,11.146179636750153,-3.526697874752783,1.1247943664575222,26.36555151211989,3.7615113681242636
San Marino,0,0,0,0,0,0,0,0,0,0,0,0,0,0,..,..,..,..,..,..
Serbia,938,650700,484403,148297,73817,35448,32327,0.9449072721594858,74.70894854072424,49.53639174003168,17.347762409223627,8.933708511088923,4.390165968782858,3.9408176401174186,130.84108072953703,-5.902630032248851,-23.674003704284548,-13.95255924582674,-14.670444469714866,-2.3041009884210175
Slovenia,..,22314,11643,251,312,395,835,..,12.793331001783063,5.427769593674828,0.11555211814858807,0.12293822354266981,0.16623459699683524,0.3298804529041332,..,-13.010182862322178,-76.74014961810464,4.3510049735539695,4.7176515418327885,18.71364899874334
Spain,8303,5852,6987,5374,3820,17477,52432,1.0105829443589072,0.5736878067813193,0.42159314782913015,0.13084256868260963,0.060827395894787716,0.29666241626505124,0.8589491535586219,-6.9966682424403155,3.5453559282487155,-5.249575387540284,-6.826441751496312,30.412706163314805,27.46578402930587
Western Europe,1036584,1661419,1338258,1122221,1044090,1445240,2262569,6.234388602789159,8.874738826111006,6.421467327582414,5.0420034791059996,4.347412419578242,5.5411747502112005,7.435979076433881,9.434827298350044,-4.326065765317336,-3.521180216565631,-1.4432812952018532,6.502594101939688,11.205637390652495
Austria,37172,42980,48787,45709,42630,78947,171567,4.686103431626534,4.802808827424061,4.895604522415902,4.0227234724141265,3.3409300371789166,5.290027834845689,9.639369904436142,2.9035820303854294,2.534579854261564,-1.3033733774813847,-1.3947396855250875,12.324370209383728,19.40492799054384
Belgium,25721,31691,18832,15282,17892,66740,60928,2.0085382985718225,2.460475635538116,1.4847425983626203,1.2238004441301704,1.189781128682822,3.7421053575914165,3.07419223489961,4.174499000766542,-10.409503567656822,-4.177637705850919,3.153560406904536,26.329015755052527,-2.277790853858196
France,193000,155245,132508,178595,249263,336183,400228,3.2727024230037407,2.550019357775214,2.110430823617178,2.650721325100926,3.409897091458178,4.269439377244997,4.801847658183236,-4.353713494581766,-3.167229864273384,5.96955303135344,6.66775782842909,5.982941812100064,4.359468254085722
Germany,722250,1267900,906000,700016,594269,736740,1399669,12.166913374103654,16.985946370012563,10.074915783823442,7.445040636761899,6.056390865185738,7.208511432702655,10.658341751607086,11.254918563751152,-6.72155922981846,-5.158722282358761,-3.275422262411217,4.298059391919918,16.04390026694511
Liechtenstein,0,0,70,150,92,247,255,0,0,0.4521087644513337,0.7937347867499207,0.41178050308835373,1.0378587335602336,1.0012957945576628,..,..,15.242801040937934,-9.77693434094431,19.75199519157874,0.7968802132612258
Luxembourg,344,700,759,1822,3254,3727,3541,0.3022979920031636,0.5550885762771002,0.5431127012522362,1.209682773639273,1.994581407608096,1.4974607052168043,1.213822701672477,14.208773553400128,1.6184288470445052,17.513766008485476,11.599004199181588,2.7143722340055056,-1.2798611841838667
Monaco,0,0,0,0,0,32,25,0,0,0,0,0,0.12315744910133548,0.09430047904643356,..,..,..,..,..,-6.171501948288145
Netherlands,17154,79960,146180,118189,74961,116587,109678,1.4509461938671853,5.939840910914272,9.392567291017304,6.807624096624268,4.090618877932453,5.840101627095483,4.804557228410309,30.785902541279388,12.066244588400927,-4.251074020331876,-9.10634119492458,8.833395942598782,-1.527224379915556
Switzerland,40943,82943,85122,62458,61729,106037,116678,2.9407117236307014,5.608694446754831,5.419173951905961,3.4594394598094533,2.9746306589012432,4.388233044776638,4.5364185240524115,14.119455387474284,0.5186379333597458,-6.19182381417507,-0.23480988306742054,10.820685062279562,2.3907478536168383
NORTHERN AMERICA,610144,775419,1019706,696254,426384,714900,1086344,2.2098333353132626,2.3257257112185292,2.527046324250972,1.5348412923701664,0.8365250098482738,1.2850184375610187,1.8523177211934656,4.7941706707332585,5.477322020354515,-7.631101862971904,-9.807483751847455,10.336046481547026,10.4607634077828
Bermuda,0,0,0,0,0,0,0,0,0,0,0,0,0,0,..,..,..,..,..,..
Canada,145257,152125,125154,147171,155530,155530,156582,3.3520964766490713,3.12706972445608,2.270608721398774,2.420979818176883,2.3003224563119176,2.0936489596975605,1.9669482054056595,0.9239592793164114,-3.903151445892916,3.2410039400594934,1.1048692608089739,0,0.16852988412748923
Greenland,0,0,0,0,0,0,0,0,0,0,0,0,0,0,..,..,..,..,..,..
Saint Pierre and Miquelon,0,0,0,0,0,0,0,0,0,0,0,0,0,0,..,..,..,..,..,..
United States of America,464887,623294,894552,549083,270854,559370,929762,1.9994257457713909,2.1907589852649743,2.569514098229241,1.3986420652573965,0.6130187137353069,1.161027476833883,1.8352564407885814,5.864479045649677,7.226094334181502,-9.761468404821755,-14.133393674728707,14.50462440249756,12.702937224388805
