Destination,1990-1995_(mf),1995-2000_(mf),2000-2005_(mf),2005-2010_(mf),2010-2015_(mf),2015-2019_(mf),1990-1995_(m),1995-2000_(m),2000-2005_(m),2005-2010_(m),2010-2015_(m),2015-2019_(m),1990-1995_(f),1995-2000_(f),2000-2005_(f),2005-2010_(f),2010-2015_(f),2015-2019_(f)
WORLD,1.0571563370460841,1.4663298709316537,1.9760786050039332,2.8336846202224173,2.3944063982377486,2.1897428090307693,1.0104395181851615,1.4956953510698154,2.1175526580043242,3.063858112638656,2.440269770302023,2.3365523219838265,1.105192610414646,1.4361615759282729,1.829468262895661,2.5905709411842843,2.3452714599232265,2.0311209944317064
UN development groups,..,..,..,..,..,..,..,..,..,..,..,..,..,..,..,..,..,..
More developed regions,2.3173861064627648,2.2424799133848556,2.3095014692154896,2.2548371781844123,1.4796948875939866,1.9527265709467,2.310508897395864,2.258307786400077,2.329841256207969,2.1035557774103077,1.3463656450918868,2.0991824949680877,2.323950286627511,2.227365864131623,2.2900446111352744,2.3986310222685887,1.6046838816266353,1.8155397735755603
Less developed regions,-0.5374369326258291,0.36075690513986913,1.4676507858964194,3.703049692362291,3.649358811954554,2.4944560440069745,-0.5038721399348445,0.49980672225813916,1.824170842513975,4.334868435833849,3.730361186071028,2.5976924710531217,-0.5753660812503258,0.2021700880773309,1.0499976206467607,2.9212958633991355,3.5450443859308107,2.360255593117031
Least developed countries,1.093502568549819,-2.981411464515255,-0.46400405154066965,1.1836598799744644,5.3485977846032355,4.452980792633662,0.963212462034518,-2.9159828696712125,-0.1851837548488252,0.7784659386157253,5.375387050493,4.387971519574874,1.2238917954479132,-3.0466774011061295,-0.7469881098761305,1.5923215402588782,5.322088118721123,4.517231025381417
"Less developed regions, excluding least developed countries",-0.8575445397011227,0.9850326438680785,1.776370864778978,4.057472033274869,3.4159548134437125,2.199115205567945,-0.7723167725087579,1.090888653920188,2.1208848424232887,4.78377065888811,3.533853980419252,2.3645257056834423,-0.9561960175902117,0.8612305885267296,1.3633852260922594,3.1328157615340015,3.2584458127661335,1.974865285167313
World Bank income groups,..,..,..,..,..,..,..,..,..,..,..,..,..,..,..,..,..,..
High-income countries,2.76690056659175,2.849884713041905,3.139900668426005,3.5952223677461217,2.1137724406399268,2.298798439911387,2.6550539897843275,2.773916844714346,3.273385960814962,3.892420760162882,2.115028071743239,2.497707557532796,2.884510710425719,2.9290030119528088,3.000469556015705,3.2778213438552877,2.112410601407226,2.08124597889379
Middle-income countries,-1.2953780565399868,0.038936171574187606,0.15128924745708414,1.3662115648561868,2.860000847282191,1.9315462429804815,-1.282939722480568,0.19374172965563957,0.2723192328422645,1.5276767584847726,3.0259428699283464,1.9996722275499021,-1.3078831155046018,-0.11801542077344469,0.026860121960296413,1.1978067608135994,2.683995423563238,1.8584623320304379
Upper-middle-income countries,0.12520949994566363,0.6739354847207388,1.1307426089667079,1.8642603308905406,4.20467310536477,2.227026350450367,0.12299877015406785,0.8515285412935303,1.143604573577418,2.0992339933916813,4.436344284997053,2.3255289186648693,0.12748174646068147,0.489762976408147,1.1172740870425661,1.6150452067575753,3.952944510685036,2.1182442676049242
Lower-middle-income countries,-2.896981843886526,-0.761397902316376,-1.205143316548552,0.6116880025280786,0.558216777407314,1.3676713883184466,-2.905638331906803,-0.6566741674820232,-0.9605177819906326,0.6436449366251434,0.5326826380417636,1.351821997802315,-2.888493118053804,-0.8645830289261494,-1.4504165110879972,0.5791993172561131,0.5841841968662115,1.3837587033331986
Low-income countries,1.5460839278991036,-3.283583518746578,-0.014259267943603807,2.256583791773941,3.3472805457331973,2.412226770617881,1.3784069188942893,-3.2325184598872827,0.25107850846426183,1.8680714853934677,3.3291955417325427,2.336733155678486,1.711428849941741,-3.33364727160869,-0.27852862001036804,2.6411833549258006,3.364825073442172,2.485182104656396
No income group available,3.667213914108293,3.6617814857068476,2.444414833125869,-0.018202808079245264,0.9407486447632115,0.9100307733114186,3.264369186690958,3.2515184881763735,2.059137846847182,-0.2653592422017206,0.713116895606371,0.9256069044374111,4.085444225814994,4.070602298272931,2.81352875842584,0.211407817311834,1.147458267741467,0.8960307700251684
Geographic regions,..,..,..,..,..,..,..,..,..,..,..,..,..,..,..,..,..,..
Africa,0.8331673731174817,-1.663424683427827,1.1842443348535046,2.1746528377373076,5.531100844421966,3.0565437442264463,0.8067214326986754,-1.5009153715487227,1.6089906720173746,1.9250220723489844,5.409153426191336,2.930290345848957,0.8626717387980691,-1.846043244981604,0.691636826052122,2.4668984235234688,5.671026289650016,3.1996913239944926
Asia,-0.7575429519313555,1.2429443073600963,1.5742212860104188,4.203583238539838,3.161701336979992,1.9686138846975645,-0.7016685784856236,1.3394068927300207,1.9366434205848395,5.107241853021573,3.344393978744557,2.2227573296377123,-0.8218347858249944,1.1310342777828837,1.1430987905165382,3.0492542259467452,2.9133349551164027,1.6150984159633786
Europe,1.506695122701447,1.221585336101379,2.239225229069132,2.1120530456553115,1.1892597995736636,2.320714096169286,1.4345762694071702,1.1897838329490211,2.2498172328487063,2.0577485109994154,1.0417114785527373,2.6843274033689926,1.574700557295114,1.2514221074396905,2.2292978213747263,2.162842738196197,1.3259215768825339,1.9815802528436237
Latin America and the Caribbean,-1.3656082530912665,-0.3559249037946488,1.8982884207893638,2.683597798688886,2.668294565851976,5.304233254381339,-1.4212427223195887,-0.40721695884477355,1.8142933159986738,2.6853578247331207,2.7937382198532,5.343798302519299,-1.3097495243905906,-0.30470088793925504,1.9816081505613914,2.681859059849314,2.543579760421726,5.264588559871896
Northern America,3.7718701628807887,3.8169413050993986,2.341381674124433,2.3310331261225987,1.7506079347828223,1.3191481405517564,3.8982173005616816,3.9505609676310955,2.411484948467105,2.023168373407578,1.578955602763104,1.1710939825850573,3.6502860253402414,3.6867030560687084,2.2723605906792255,2.630617315614174,1.9137546005314883,1.4578949152803027
Oceania,1.1913916754615188,1.306164104883232,2.3292052655736284,3.3666383922165477,2.4832149438789632,2.5259365522386052,0.9684643475558828,1.0818903583282644,2.201333375349953,3.3867724373978767,2.474923940017841,2.4923046810324028,1.421266249608395,1.5322638476638317,2.455866390605227,3.346801679602317,2.4913883108212556,2.5590333940215206
Sustainable Development Goal (SDG) regions,..,..,..,..,..,..,..,..,..,..,..,..,..,..,..,..,..,..
SUB-SAHARAN AFRICA,1.436077060096783,-1.6405030740105642,1.5661522545760107,2.1744222838208933,5.93828640482039,2.4916075492636898,1.2795454273443188,-1.5895940438269478,1.8739291693605868,1.9173786312091927,5.838066566981106,2.444989037500503,1.6114850428448952,-1.6972323181155289,1.2165671780139469,2.467168995988903,6.050273076437544,2.5433221328005082
Eastern Africa,-3.5995340884073865,-0.5314435778578647,-0.3509041582641706,-0.020662313369820662,6.895291491104369,4.083160054996318,-3.5993340704756753,-0.6333829101950743,0.4107922383201807,-0.9890534412741384,6.780219059488971,3.9412358293799494,-3.5997465345397694,-0.4237351013166737,-1.1840567104311122,1.0274627775295513,7.013030151559614,4.226708024481863
Burundi,-5.355717148331725,-14.147234984438365,6.384756926331635,6.16248058930244,4.170770018811363,2.5567915119187474,-5.475511425098014,-14.183953291192946,6.55881683281648,6.234173208010291,4.186237114357742,2.5562781843450106,-5.241233556406414,-14.112411728052527,6.218567628981856,6.093201298066296,4.155759377880296,2.5572900601495916
Comoros,-0.19987317465281818,-0.20189081956663935,-0.8739542065538178,-0.915480989862175,-0.10010746678138882,-0.10175998725932198,-0.3090602345025274,-0.31391120609752104,-0.703362317586984,-0.7323027658830544,0.0362707213414768,-0.09902637143052848,-0.10076960107396793,-0.10127989890947682,-1.027599165235377,-1.0832704654686367,-0.22696149098053617,-0.10431975572749418
Djibouti,-4.058465061328198,0.14639496962043666,-1.749003163963945,1.9604044651426744,2.0166091494900096,0.656626470511629,-4.046025603708082,0.16850834055942346,-0.6159646429815446,0.7571882208684493,2.0613373116118527,0.6569050419570688,-4.072257294245642,0.12183206773458755,-3.0893188330963017,3.378474463831803,1.9671184939915387,0.6563175072496615
Eritrea,0.9107479129098696,0.8710748752868551,1.9997572588214367,1.8178560204195857,0.33527052628249077,0.24967438028229627,0.9837535028888064,0.9376250435857297,2.397106136585106,2.142629830289541,0.5276745624756811,0.2506357235769464,0.8295316899988386,0.796491399576069,1.5432303362179836,1.4298076571721707,0.09872384477104029,0.24847968254852826
Ethiopia,-7.179770524250253,-5.549589248376171,-3.4606253578190893,2.014869639985551,14.283046933324295,1.894309832052534,-7.179743917429533,-5.495558439489239,-3.5565703430188367,1.9984416378014778,13.703656442031681,1.8943115625904758,-7.179800003801959,-5.609624785240415,-3.3542524659465873,2.0329756161541095,14.902228645520527,1.894308037249733
Kenya,14.606022668159651,2.6908359850343255,1.7700373495841624,4.217918071845291,3.3116110410635433,-1.88952284247608,13.842531236054295,1.822798146888274,2.5219179218008607,3.338357063848581,3.4765198894208282,-1.8708909890193814,15.469935827282209,3.5930704734198486,0.9932403041226859,5.1208779188585645,3.1483592989759677,-1.9081332696338813
Madagascar,-2.4334763215056583,2.116557894640019,2.031624819345879,2.0737953550739903,2.081246399345215,2.1345914126125267,-2.294882613776496,2.186709273148509,2.09756653019588,2.1410936946895487,2.1473893057583155,2.1327149051798897,-2.6098953726785012,2.026192621552234,1.94601692900134,1.9857533473190345,1.9940456219040428,2.137074628951632
Malawi,-30.811478447847207,-0.7595315592888829,-0.965140663193701,-0.3586033623359946,1.3394716547556276,1.5457983135758735,-30.965505418091166,-0.8200403911856714,-1.0301134849248625,-0.393148979714307,1.3087056532364962,1.5385603683713336,-30.667717415084038,-0.7036374492885007,-0.9054835781257706,-0.32703498472543996,1.3674984990668093,1.552380346551557
Mauritius,14.588615984333412,14.592822502371744,4.686285568065307,4.687391171972402,2.811757824265764,0.22983063980926774,12.096916939839383,11.389604658126732,8.990562401000101,7.768724436908811,3.6545176618156,0.23105379642467178,16.70513083706818,16.716205148590113,1.6873013002544912,1.6903397613691493,1.8126409318086518,0.2283120890818118
Mayotte,10.939512287083955,10.939272296683914,6.575674962746655,2.824012783175055,0.33663715795852606,0.21899423513651425,10.278829866561418,9.450761073618178,5.734095674253408,1.9059717133727727,-0.15421622928575784,0.21956751384953413,11.80529194195399,12.671493637490899,7.441584361888085,3.6896594593990075,0.7691875232107395,0.21850057073664422
Mozambique,6.374959379258264,3.022129299329218,6.038493538312959,2.932107265416533,0.9757691000583117,0.980461055705394,6.452022404588469,2.4652407089315687,4.297693597127091,2.932204523623604,0.9757711311413189,0.9806105756018192,6.284111406911305,3.661956954818583,7.816150011870776,2.9320163092833926,0.9757672005749732,0.9803212228071451
Réunion,5.982790391803276,5.321181545612999,2.673309489981774,1.3365464057973353,0.6682260635959872,0.37915862389438937,5.628593087569038,4.996680700471233,2.490923490023046,1.1523822422181607,0.5753123718316768,0.37944462500728887,6.385954634626054,5.677500097166982,2.8683501258867317,1.5298069051989733,0.7643579454953126,0.3788641085107473
Rwanda,5.974539972970457,9.509859470097574,3.965407711948691,0.1747594898869429,3.738581850422598,1.1990494237948532,6.139735005463354,9.410112602906176,3.871796949430718,0.07198242377517712,3.6050736836815975,1.2915132802886826,5.804799139552401,9.612690860027314,4.060972702428329,0.2786489423983382,3.8719467968497,1.1069596640189476
Seychelles,6.492316807387896,4.890283710162948,6.275374263859081,4.769500315857648,2.267511887787841,0.262474705586193,6.306280222277335,4.782058177205608,8.33218900957062,5.866723220350365,2.7492787411581823,0.2638473637555579,6.759556717034097,5.042997876808838,2.9814985045767397,2.588621744851018,1.1864473746977036,0.25927118559942075
Somalia,-63.968549658420514,0.5754485387176035,0.5622564699887337,16.894470715267524,-3.2015754988161396,6.01079117229952,-63.35193726078003,0.6619446852850819,0.7733373998514197,16.504016732527454,-3.1081487010222175,5.766906636604403,-64.63271214918645,0.47880880324549835,0.3226552274580136,17.333502412026842,-3.3049778074499625,6.279281947099798
South Sudan,..,..,..,..,23.714114677077433,0.6267604944226348,..,..,..,..,23.559031285085794,0.6147273017258429,..,..,..,..,23.877161814657587,0.6393052248638503
Uganda,2.1811282962731946,-0.7625410808718311,0.30666674189341575,-3.7069296189086263,10.92501143446926,17.79160343284328,1.6874940559975669,-1.1634618209077452,0.08720590019401997,-3.7732417863033163,10.835515506364201,17.476434258336944,2.7036929107704184,-0.3570274854902638,0.5218602859955617,-3.642818980435039,11.01087722206839,18.089000208995053
United Republic of Tanzania,13.117422215822142,-3.0500643374747107,-4.163080916793698,-18.236163403975457,4.320787975684329,7.016401675164941,13.155749080704144,-2.5409839284884543,0.2133383289213283,-22.948925903294565,4.189665191137436,6.921864443137446,13.079979912281573,-3.561210581028766,-9.968680005768135,-12.089945664324969,4.450500529523644,7.108967267551443
Zambia,-2.686347839134389,6.824507994663162,-6.136070590797817,-10.451849083030487,-2.5353945677058354,6.341246775348133,-2.6421025449228477,6.689898215029267,-6.170253458201393,-10.539355889793434,-2.609733454892215,6.400403302426887,-2.7328372141180464,6.965293595127943,-6.100626474340837,-10.361672796284207,-2.4594135108381843,6.28086607301147
Zimbabwe,-7.72791311379748,-1.004186731978969,-0.3881771663876925,-0.1958210995815079,0.10891513905154168,0.663737538328293,-7.404405618978091,-1.011438821385496,-0.3996375962051438,-0.17990941878499236,-0.13673334270714807,0.8708601952770243,-8.14968329743738,-0.9945580585335224,-0.3729775903724644,-0.21692968384508576,0.4305021171120537,0.39384074909658684
Middle Africa,12.000691126014203,-8.106027300624028,1.9672386170804694,4.313847310793008,7.263025463583609,1.9988404123087993,11.974067471006236,-7.853532323871323,1.8155227958403626,4.231569094887287,7.876365478632954,2.1587900247469376,12.028338433492495,-8.371286107811489,2.1274461368201667,4.399694271228508,6.6051934512356025,1.8205455600356586
Angola,3.4428143864255882,2.9358595723108847,5.705326870644288,33.7852320143806,12.873131701435995,1.4332199471477889,2.6911497862449916,2.3707517820183828,5.156815614108221,33.354510771239774,12.844464975597234,2.871860581337116,4.294882944668297,3.533650036065916,6.253691922817958,34.195475268738896,12.899830437186113,0.016557226804379717
Cameroon,-1.6593491135755165,-1.4877851267774527,3.1122122227121176,1.8664933586862962,11.124230202164835,-0.130863244771435,-1.705593814448711,-1.5416637655997132,3.282874271767279,1.9984493170168574,8.84557913765938,-0.11306371566717431,-1.6033245109193266,-1.4228718891865415,2.9052633129962713,1.7037681937685358,13.63524861804376,-0.1482786514427774
Central African Republic,7.882139176978438,4.283798310163622,-5.368318800748669,-0.20924544959411967,-2.7158596386700085,2.6297538458660212,7.901232982902514,4.286084435170824,-5.347848495140471,-0.19724301937070038,-2.8377220681717574,2.6575173497609366,7.860518933253136,4.281206739432224,-5.391552313668348,-0.22289168102306747,-2.578115532686931,2.5985382742494356
Chad,3.7300132936517563,3.1423112090057783,24.23030006789438,3.381933090805979,2.267135636906805,2.3128252520946857,3.7038242681884888,3.1239080888566795,20.796108410902157,3.1300599762335937,2.874327497002872,2.290892703776058,3.7606938421013356,3.1638184387201465,27.611733022470325,3.5886916547657153,1.7604648741867415,2.3316281039018687
Congo,7.855073864350218,9.352006941759694,0.8226531268451844,5.763412408073916,-1.7197073900687567,0.7573621164735858,7.973677396483943,9.372894393251167,2.4695479046619426,5.7651546819966075,-1.559990999075896,0.7459044260630866,7.737158485271078,9.331095688079897,-0.976228755765271,5.761337827022748,-1.9115838773880918,0.7712414036275962
Democratic Republic of the Congo,17.5854415121921,-17.847212881326183,-3.5644967416521274,-1.1198986679805063,6.728522973951498,3.9037650996619044,18.184014330186667,-18.075528725504338,-3.775251102008063,-1.231075945753816,6.885460620459773,3.641983853232437,17.013152830051197,-17.624956932311843,-3.3637106116717406,-1.0156271709812097,6.58100560987357,4.149210283604101
Equatorial Guinea,5.61998415661909,4.377818568830678,7.5480351128585355,5.464678734087899,63.73539365932108,2.0602739979968465,5.513295208955273,4.308912084379745,7.95835804945563,5.677740029664586,70.59803600519989,2.060346805071422,5.74187328158811,4.45580680062648,7.075005511923352,5.210621667716603,50.11675879477783,2.0600294180329115
Gabon,5.813191673015631,4.476609765694528,1.731613746239668,2.938378595979484,6.704394804798065,2.0752933870381725,5.802234858234397,4.582919014306343,1.8799305867859077,3.2164507710149044,8.587695753327496,2.063545447462655,5.827755085423416,4.334517847356667,1.530389441197078,2.55142347161114,3.6947014014186723,2.096508834078805
Sao Tome and Principe,-2.459836970220874,-2.4587419462304223,-4.8036734963202115,-4.80365482930543,-2.4057233174900388,-2.4099204609190927,-2.9502573010373725,-2.828233080996571,-4.950225689910935,-4.896016430875385,-2.435331020898725,-2.4559609895853303,-1.9229470043477705,-2.0718795429625936,-4.654215386254772,-4.710588731587443,-2.3760717182855826,-2.3639645656253165
Southern Africa,-2.9868096648317706,1.069128253108014,4.4383106158908605,7.925487007836574,10.918343562494071,2.467103880206856,-3.1695460098068633,0.7489555637729328,3.97395212070471,7.917604534017716,10.243036625044684,2.4853466969957387,-2.7120266136563846,1.5358254536375997,5.083826287200384,7.93614004575759,11.795824164839534,2.444282605020457
Botswana,7.570421675918423,12.470741347531975,2.4298402289134553,2.2341143819365796,1.750441882712856,1.7139092820446944,6.949557009156298,12.456461575301308,2.279278220741756,1.8453471491104017,1.736731877266711,1.7153762486742472,8.481490505516462,12.490891996891385,2.6402130222181586,2.7602609818277863,1.7685628455947777,1.7119717546346696
Eswatini,-15.15088722782319,-0.6199135795773099,-0.4102343126172915,-0.4573947245557919,-0.17541542537988886,-0.03247657504135153,-15.158492619227784,-0.8520757761066259,-0.6257240297875198,-0.6780707396485217,-0.19511182062414237,-0.06775275910538449,-15.142240763126738,-0.35930945845968804,-0.17398978803857285,-0.2208996413014342,-0.15456810748333985,0.004769020457665461
Lesotho,-2.687278332153414,-3.108478626087077,0.39497149405986876,0.390440611172282,0.48670197808116966,1.318824277127811,-2.414222512981009,-2.752170541519563,0.3978162921216579,0.3900574802788537,0.506644425120617,1.320597046402673,-2.9922797274144775,-3.5200913114391468,0.39162090398213123,0.3908919214594026,0.46318566201507505,1.3167313770768831
Namibia,-0.8931500606370607,3.2231350665411567,-4.665037313639861,-0.6670031380223457,-0.42991472510540124,1.4209360921785907,-0.7798969844558125,3.5324769271293444,-4.772206136285025,-0.6425773986777827,-0.38502392228183074,1.419925950230409,-1.0208154924567452,2.866431070023932,-4.540111970013057,-0.6953485656818174,-0.4822049765528623,1.4221155486241819
South Africa,-2.9592411415646382,0.2604192635052634,5.680945395808328,8.96185427112483,11.808482932967411,2.536457143568074,-3.2031918919747278,-0.11425460941747478,5.053648875987219,8.916560529526366,11.042618215717763,2.554079860276409,-2.573632966459135,0.8298066451944603,6.577187739686612,9.02398426084038,12.810860917068126,2.5143711121712498
Western Africa,3.9009496365034995,-0.6450990969285338,2.3537062427603894,1.2993377135143531,2.245612386458471,1.149552059395367,3.6847158844539734,-0.5741959070298143,2.54464737505219,1.2880534067829856,2.0630905751460697,1.1347210050649923,4.146997588423636,-0.7251529871550884,2.135080386739933,1.3123831940994288,2.4544392352074276,1.1663447528531021
Benin,6.401337179777011,4.841653543790485,9.989226099076713,6.631304681368552,3.3933299577612583,1.5756222148912018,6.6298070056634515,4.970719031436806,8.034730101323005,5.716390190662807,3.619249169366412,1.6225336469806304,6.144075237339667,4.693524376195721,12.033069002687132,7.460147469714114,3.1953100643337615,1.5339922783285787
Burkina Faso,5.663405818057995,2.2883595982810485,2.769840780782188,2.4172213497383774,0.8771674245050823,0.4800521915221648,5.697913655604491,2.316147576914414,2.637244056248526,2.3142082760706666,0.8771616674674113,0.4801095040860137,5.631499116628066,2.2625890470642727,2.892193348669058,2.5112078823406123,0.877172651273488,0.4800001578048075
Cabo Verde,2.219090284008529,1.99727851748732,2.8251036537600838,2.474989062090983,0.7523841757963348,1.209860760731079,2.7860089995827555,2.4449436592191494,2.5122586986560496,2.23161182376274,0.6847029860127063,1.2123391474248395,1.6452295876950722,1.5201173212360137,3.1608725756533436,2.728823819837327,0.8218628839307379,1.2073250063322798
Côte d'Ivoire,2.6752380236631246,0.8232220386895427,0.9164131192064422,0.8762642380178249,0.8394783578829347,0.8088704158570514,2.573972535700252,0.8137658841922922,0.9164218547512263,0.8697785480808927,0.8394664958867339,0.808882998628506,2.801839380862188,0.8349706749708107,0.9164022716259614,0.884315082770101,0.8394930771076021,0.8088548022437769
Gambia,4.896492801438381,3.8055157576702623,-0.06684619264416478,0.4197418982621967,0.7166451331969179,2.8055173784430867,4.260481020468999,3.3765641201329437,-0.18782976992975806,0.382069709997838,0.6844801156371327,2.804805778314227,5.681914860898987,4.3050201411111395,0.0699207381513721,0.4619707905041609,0.7525675769807368,2.806310730201283
Ghana,8.557381556693809,-5.549920574498534,9.260915994102287,2.033449794979452,4.15056176471785,2.9549148043318723,8.566205446436587,-5.398582440720206,9.54495306780551,2.723260446657012,4.14573054747639,3.0017937201363596,8.548423302227555,-5.704812781474872,8.963686569898266,1.274018634060743,4.1560754537946565,2.9013198837640726
Guinea,13.03495593547172,-6.483068245620263,-17.833682612550703,-5.092285168631054,-6.848631963782095,-1.1628308428308836,13.052599797177539,-6.512575813422643,-18.30883917031016,-3.692879273564281,-4.532746120274861,-1.1625181610415691,13.017392617913545,-6.4537127456061345,-17.372589020629828,-6.515849781090301,-9.726438103121332,-1.163273406051967
Guinea-Bissau,11.970465132778022,-6.256555992326919,0.2777687536210696,0.31103337578963924,1.1728483255798279,4.666387502193351,11.74532611685269,-6.181816937206604,0.279670131832033,0.017471488614123464,0.9825474464026115,4.555729557693049,12.193386270263954,-6.33000606763703,0.27589305482937465,0.596495703325296,1.353555349076704,4.770051266975835
Liberia,15.734865629163968,-6.344588627479755,-11.098900314627318,2.5671065092823078,2.7567187632531067,-4.6552137973675825,14.555329208286214,-6.141018527679543,-9.457674723965386,2.112484806615957,2.6298462125282285,-4.654790268720141,17.185948461653368,-6.581698435476217,-13.22203768941083,3.1960902836679574,2.926301291931966,-4.655775733087345
Mali,1.8356532683379043,1.4542231742712677,6.080575996129695,5.576396023672449,4.286966023293924,2.687640908318349,2.0424857721468412,1.4598548127096462,6.044300841499258,5.2645884610490645,4.288739847071669,2.6887325780773614,1.6176810528760504,1.4482231103700398,6.119163248659902,5.9022214798476655,4.285141601300404,2.6865179479996963
Mauritania,-4.4087571081401835,-8.909586590955874,0.2608167888310892,7.527500085202118,13.52879871880896,0.9477218548036485,-4.050350572994932,-8.224704121645805,0.8942525760329044,7.995645676492738,13.206255594216554,0.9634420587871669,-4.797471508842767,-9.694708784341769,-0.5196101587622581,6.913579683146738,13.955317418499972,0.927304802935702
Niger,4.692819586090978,-3.5489969553846383,0.3568497843632273,0.31930537733214603,13.86847801745173,3.7686413234943568,4.671406658176439,-3.623677385432637,0.3333353688793909,0.2895950867786679,13.83777494869185,3.768770902565809,4.71242804327207,-3.4809233265855046,0.3781836411281307,0.3461922728220576,13.89618357448022,3.7685245651487516
Nigeria,0.277423382059206,1.046973581572891,13.729887962200529,0.3960347444003821,3.8593871004760896,1.1668267838488713,0.14973128152872034,0.9178179874191114,14.73063471211514,0.39602892133251916,2.6699373420044497,1.1668467765641022,0.4394263052960071,1.2084730121608422,12.413601433255138,0.39604286088351914,5.407473372117113,1.16680248178191
Saint Helena,-8.392192309886578,-1.6008541534707272,8.232379473650854,8.393570907164397,8.376328825660572,3.4623135138619774,-9.039702474861146,-2.7524275575209542,6.635547846340104,9.400072584914712,12.255961067914638,4.624351956077144,-7.387202069320963,0,10.131224499590664,7.235800892110056,2.3556607131276692,0.9728854062418406
Senegal,1.2363808653479813,-4.308956250903558,0.5442286966309,1.4402952726512934,0.796449583851204,0.8070144255608704,1.1646443057975673,-3.8341197858409255,0.5459327533455985,1.6923945834361873,0.796842276070123,0.7993081609684403,1.3118032903228567,-4.818750832689616,0.542353416672901,1.1591169247626754,0.7960057072157322,0.8157224655645973
Sierra Leone,-16.262497097611224,-0.11033668373302605,7.9849378297104465,-12.276104321432832,-5.91561787717199,-1.9812386735816152,-15.742573711978691,-0.63680791070073,6.929710573946729,-11.315309687369234,-5.490793177020956,-1.838048481349841,-16.92561491164139,0.5608861365615325,9.217983337046554,-13.39291649878259,-6.4483677845680125,-2.1663698964366587
Togo,3.601238443054776,6.122911518005201,7.802248795905461,4.51495257691936,1.6504196984674813,0.1579446285939043,3.350331193309876,6.185401276643628,7.990688984773551,4.545490882845053,1.5162785614715397,0.31087265747387716,3.8546848171702437,6.060385154261313,7.611305567127438,4.4836654216080145,1.7871338833464312,0.0021762785650293365
NORTHERN AFRICA AND WESTERN ASIA,1.4280601742380712,1.4374869006878386,2.7195192804526656,6.710252255633501,5.1152566841920395,3.613014333920707,1.7203473269680327,1.7535317553952399,3.485151641697516,7.718722428464001,4.9975742910001,3.614556361874652,1.0245441781670308,0.9849037663788511,1.5464229207159885,4.973336046417671,5.330588544696996,3.6102159160656386
Northern Africa,-2.8739430127435144,-1.8213279345414162,-1.6795683954172247,2.176529300302255,1.8672480119640484,8.08714563856639,-2.140298982867496,-0.9085278270962217,-0.22409571231562425,1.9806851418020264,1.9788080016729028,6.845424369165147,-3.674022721699484,-2.9087076689686646,-3.665787485457518,2.464355706927418,1.7041455281666475,9.809690063249855
Algeria,-0.8898715074983218,-0.9313162523375952,-4.7311450293271475,1.887757430719518,1.9741846894273325,0.98283450748258,-0.8898824326331009,-0.9313282190166025,-4.730847680255538,1.1592846231178944,1.9572162593810296,0.9830104300641064,-0.8898582410441849,-0.9313017211487149,-4.731506107265549,2.738120062635348,1.993208977481912,0.9826374464304501
Egypt,-0.807415063951716,2.0281828328200335,8.667535520197456,1.6823380401331276,2.63310279165485,8.859978675117771,-0.7644666077058863,2.0747937464875617,10.399457202828144,1.0485875397043634,3.503111483040318,6.68718827507319,-0.8558042634853137,1.9754162275877527,6.5011933392221,2.524660531425298,1.4603058045254529,11.650741179551538
Libya,2.1142932353712385,2.2113162936483013,1.9392564911108336,1.7972840284116023,2.3984545291242685,1.4812160081803905,4.298859382160484,4.077264197754344,3.775076451810474,1.8890711244453482,2.290171577810416,1.4812261461456926,-0.6864681944086579,-0.8530437186543606,-1.998057947223219,1.567738887790638,2.668864682850834,1.4811909294707881
Morocco,-1.724501210210987,1.0347201626143878,0.5008966522946454,5.308386298231297,5.299786406951089,1.610521249288433,-1.9984778746686898,0.7246058604313407,0.22637893217628413,5.209322572535937,5.216093982126478,1.6132272392832885,-1.4215359729180175,1.3673479849774748,0.7866203766856937,5.4095521940977145,5.384470831906034,1.6077943905106096
Sudan,-5.730388813397641,-5.37650811607039,-7.7512604659699145,2.4849793669826385,0.05855243556152996,16.96436717188962,-5.623401165353159,-5.235783958430842,-7.500403716085083,2.46452355924088,-0.1702974833089698,16.653574860448042,-5.83640612854035,-5.517692041896203,-8.007953265601927,2.5061563110061895,0.29250107266705994,17.274552765766675
Tunisia,-0.0616999606031889,-0.6157137626220961,-0.9360813239560525,4.174037417898182,5.392294250856091,0.4048795800923154,0.15285355729941433,-0.3880940350680273,-0.7405628056200257,4.226816783901167,5.4853907085973725,0.41613246144991617,-0.2764777843452889,-0.8486976760423703,-1.1405598646661583,4.118132876533501,5.292940203680816,0.3928067716674321
Western Sahara,2.122829212817955,1.9128936781023804,3.3616525359099327,2.8770887217121266,2.841827147074631,0.9704901225168086,2.3905184493792078,2.1350528258999537,3.823471403106947,3.216176700516974,3.159437075091635,0.9776886899560147,1.7973821000200292,1.6353190939313533,2.7616737473210518,2.4155589310047265,2.392250767300556,0.9600994784071264
Western Asia,2.0306935873836123,1.806006971879781,3.1228237650258275,7.036743764823184,5.305141133487183,3.349070952018933,2.199699732676074,2.028861340065461,3.8076701847009566,8.10652580294022,5.158850275363023,3.4439608397705017,1.7892652534562452,1.4799286932855138,2.0616565839967995,5.173757530277507,5.576498717494251,3.1739422874164354
Armenia,1.0413443688876318,-1.0683515098324803,-6.76392952973485,-15.966037884705194,-1.9847960578369837,-0.13635515423701067,1.0414031264050427,-1.068404915213483,-6.89361373657659,-16.077593409106736,-2.0207848893712534,0.18174645946318085,1.0413034266060484,-1.0683142969150552,-6.674060214781914,-15.889515319216073,-1.960262147703911,-0.3552186389245285
Azerbaijan,-0.9384837144935227,-0.9846988004563916,-1.609099120722142,-1.7499037480631408,-0.935969521373892,-0.9993069843574466,-1.0865326672735578,-1.14911017491709,-0.8428101553760957,-0.8797406846757191,-0.4548206245825777,-0.9991661725227987,-0.8239672179093697,-0.8592700721332216,-2.209665493521796,-2.484472203592652,-1.3685300774421645,-0.9994365015409052
Bahrain,3.465158881052503,3.0039730147855375,10.469731176784066,9.75053261932763,1.359737542154937,1.2811234037858086,3.2280325331748543,2.732794096732288,11.141240062138642,10.002561985381524,1.3432592439248487,1.281133822611099,4.030190530961714,3.6233686580502624,8.882884379365583,9.105968090802191,1.4027735461961797,1.2810962336026273
Cyprus,6.928687059050495,5.135877292772356,7.61214028041801,9.864280279470657,0.016046431311491284,-0.01276234458958314,5.986846248353269,4.601499740158706,7.447441563924971,10.19174555504063,0.052830758213238106,0.31146888789080035,7.719383539711395,5.555352703586382,7.737465608894451,9.613295769741342,-0.0126041468106105,-0.26866570121403943
Georgia,-13.862943611198904,-13.863074987463813,-1.0259073751718508,0.19897649412961604,0.9756207191830917,0.7546167556653895,-13.862793557367093,-13.863243719988347,-1.0258342971400571,0.1992881153536554,0.9754458245634177,0.7432355212521606,-13.863060444206567,-13.862943611198904,-1.0259642739710364,0.198733860655285,0.9757568958743021,0.7634747729778095
Iraq,17.38231505406023,1.0798139188466787,-9.197891694973608,-2.484332398527961,22.377798016468812,0.5967073793628547,14.44958093173146,0.9595311824420898,-7.966945741906213,-2.0604758378549337,21.06937178833334,0.5968110277097585,22.20469045754424,1.2418413045005077,-10.972566091901461,-3.161580999720786,24.35683220776002,0.5965629434584794
Israel,1.8639601950960927,0.6491482123707778,0.40841750155753714,0.6366175188000194,0.6169769935774388,-0.6978777390487007,1.4884823033429677,0.5554137648719789,0.32746269332621464,0.5129971021707415,0.5001672001554353,-0.697870064099099,2.1938626270360246,0.7297135097911708,0.4774368185940235,0.7410208292996756,0.7145433340431306,-0.6978841153476152
Jordan,5.866269261346839,4.530144524922604,3.749905778762962,3.156597657081551,2.6709198095821303,1.8175430268304524,5.824134134139949,4.505047683525216,3.7153643458612615,3.132106545460113,2.481438479801226,1.8175523114953807,5.9103110369565375,4.556287054217564,3.785777157003735,3.18195539384927,2.864991743749564,1.8175336079689484
Kuwait,-3.0602787526734834,4.02773802822269,3.351007384793255,6.781653919283912,8.524095255429085,1.4298892797738667,-2.0373685647756523,5.054508001533358,3.750461376196927,7.096228439781011,7.458891665522749,1.429881213590165,-4.769636079787997,2.0474057665304137,2.4937139346833908,6.066803001070771,10.807478001710932,1.4299051887303318
Lebanon,2.995349566532692,2.6046267418366664,1.7634685136343322,1.620498520512469,17.54622189261541,-1.4250509161090346,2.957037418818703,2.575678844591041,1.9932678114302353,1.8125394468108804,15.943612891477457,-1.4250454928829805,3.0354032739306644,2.6347866938299664,1.521565234166835,1.4138955729901541,19.15334413851357,-1.4250559352636456
Oman,11.47760216821344,2.8922831204161925,1.3201583217972113,4.063105394022997,16.432310430915653,5.20892572339601,10.864870860786198,3.1392363180494787,1.5536955407935917,4.430820624616082,17.139233460245784,5.2089363546034075,13.724795495202684,2.0248964576302737,0.4531939153208898,2.594226669249575,13.170082615006203,5.20887148853347
Qatar,3.0993056596297652,-0.10956956581268798,11.711554805349522,16.25784183459869,2.9470907977554543,6.963264052087262,3.561683617509935,0.3138535669579775,11.948964348110616,17.68157171140572,3.206169080462634,6.618894584534704,1.7969942315143417,-1.4108672545579815,10.930048806771964,10.526727122539887,1.6463818703255317,8.688019558324434
Saudi Arabia,0.49110340320065005,0.5418540330128858,4.22614496063117,5.194191372800129,4.9019952875468835,4.935616298408671,0.5436153376271461,0.5842890561852784,4.790361718651833,5.664651297069401,4.583587721313125,4.689979190352926,0.38636749515553687,0.45661162884596956,3.038363978184458,4.11864854365758,5.638945085847995,5.480665139955816
State of Palestine,-0.4606421139520003,-0.47150229606759286,-0.6338440364301774,-0.6545912682994507,-0.19667603418849752,-0.17398478051226454,-0.5795459041559408,-0.5968420178369478,-0.808379480703445,-0.8422602695021976,-0.2546486085030419,-0.17391258893928924,-0.3606517462832564,-0.36727484475414923,-0.4906795229320294,-0.5031607933787418,-0.15041350384294028,-0.1740422401196733
Syrian Arab Republic,3.0216269812722176,0.10341500748713324,1.013324167971895,14.21220140946716,-14.375313451601631,-0.09562857903534519,3.005572519641897,0.2286958472757312,1.0228328128580424,14.130396380608431,-14.371072526828769,-0.019106276779633266,3.038310487631756,-0.02750390276655761,1.0033188719510253,14.297961226224556,-14.379741774227492,-0.1758004187526325
Turkey,0.8823297938797815,1.0380619130279187,0.5888128468858933,0.7118129651564891,23.13315560860302,7.542903022107596,0.5672528431633693,0.7296678058943811,0.09493558023773203,0.22562730355533503,26.796632545711397,7.745393976497686,1.1877803158501778,1.3280607632568133,1.0357017137041842,1.1318905323727315,19.41144427565584,7.293222391282134
United Arab Emirates,6.673762765800137,5.875405770935745,5.866328651307623,16.039513859521808,1.7734621876256937,1.7861784435400898,6.807856509156377,5.8759052868434845,6.137195279061252,16.549966582662616,1.5041026704015792,1.7846606677046257,6.3362139322508,5.874133376404668,5.159286305202361,14.606323210317465,2.5470634031180293,1.7904250534813426
Yemen,2.7692585859908387,1.1977072996741336,3.4084866348322715,10.351668106666994,5.510661548505273,0.3753124006658855,2.994215913760943,0.6775684934749835,4.109315960855139,9.13494555451717,4.892370954066334,0.37630997907113384,2.474745690026355,1.8673440326070303,2.496651355185877,11.89006004401478,6.216672143167202,0.37421032682819183
CENTRAL AND SOUTHERN ASIA,-4.166141563322025,-0.7486464040576073,-1.531712368105082,0.6417020498430323,-0.13585654666407926,0.23447717543024468,-4.346686961374504,-0.593537805964893,-1.718178843881486,0.861905713883207,-0.2765031546861617,0.19240278401841457,-3.9800234749096353,-0.9083353789623044,-1.3400432627681078,0.41496478914748836,0.009546845581120246,0.27759109359788847
Central Asia,-2.318861655571237,-2.5841585956880526,0.17955107273698034,0.1107002616219419,0.4798775491680837,0.6886105759145187,-2.2536125165804823,-2.6406640695566286,0.7262580053493709,0.6310244484110876,0.8319934938034321,0.7306293330400588,-2.3720327629045737,-2.5380943970530527,-0.2762789474573267,-0.34513137848263253,0.1584182765197502,0.6495354700178154
Kazakhstan,-2.1398531080183028,-2.469761288406405,1.5321159913361373,1.4415140389840009,1.2276667869640827,1.0999046745699104,-2.135139556061634,-2.4685362765310406,2.1367748754983333,1.968485308548311,1.5695152035088418,1.0999150342693509,-2.1438751874462554,-2.4708068801408336,1.0011203819128278,0.9531775277367251,0.8972309048300064,1.0998944910046689
Kyrgyzstan,-3.6810439423544374,-5.698643678122216,-4.621272982846649,-5.752284024650909,-2.5405342601928367,-0.5093567387460769,-3.6810518920678845,-5.698510200916087,-4.815442175375159,-6.058298941909936,-2.708236509933374,-0.5108363668908438,-3.6810382339997503,-5.698739523003752,-4.483000413855256,-5.538954243591801,-2.4259453395285906,-0.5083528880216408
Tajikistan,-4.160493642238464,-3.021760615182904,-1.3131714631402045,-0.04697703641584127,-0.33930701416477693,-0.09377765142278573,-4.262202128337703,-2.860264715468617,-1.6210816672077788,0.06201096326978484,-0.52261738493385,-0.09119860142661074,-4.081498334370114,-3.147526492168619,-1.0749308436481246,-0.13056235284571133,-0.19918127041916658,-0.09573342128847455
Turkmenistan,-2.2735700357489734,-4.443232689763099,-0.5567331610456953,-1.4675999316945376,-0.1625955120586374,-0.15951400594514464,-0.3082345384062961,-5.016862272138891,-0.31291074696795534,-2.208153372350176,0.19696588255885367,0.19290408110350352,-3.9498244534356344,-3.9218710272652024,-0.7748584121525538,-0.8202478095843939,-0.4712975516563852,-0.4712942607146586
Uzbekistan,-1.7755400024188472,-1.454237834812178,-1.119502277405876,-1.7230966134347456,-0.8244671602774417,-0.05320067310445152,-1.9166814804570613,-1.6256125602316107,-0.5510390342334002,-1.0911806359281155,-0.45860174313177166,-0.030849798875844815,-1.6663326196693256,-1.3234565625896841,-1.5610646050610995,-2.2411819243841857,-1.1384648675254971,-0.07272802304593573
Southern Asia,-4.833952679506279,-0.08483052744719827,-2.1479157794224504,0.8406519300411478,-0.36723168307090076,0.05796594179024616,-4.989306964287164,0.035893614126167726,-2.4799161673926906,0.9392160679622348,-0.65886169130786,-0.0031301597690987885,-4.6596434883832885,-0.22003489638587567,-1.7801969815606382,0.7328215818783547,-0.05136862347087843,0.12297736157953584
Afghanistan,4.299811698438451,1.1927108712319545,2.7941964920774924,3.160624230155081,31.330226812223277,-29.621141190587785,3.6645444373451332,1.828172669103746,2.7947517811444174,3.160331639747057,29.177401583096096,-29.928545823531916,5.094004286351655,0.39826622190719607,2.793476972762125,3.1610033617403084,33.814047321852634,-29.309130654100336
Bangladesh,1.1701069064545566,1.1054166919211827,3.328012571533882,2.852412555738796,1.1166079329746341,10.731651577918123,1.1386565490594553,1.078284391875992,3.104590045575751,2.6867667800793074,1.1349272421408405,10.053170180503344,1.206967901439675,1.1371158442670068,3.5855418690080882,3.039407487631999,1.0960891389677878,11.471059729333973
Bhutan,3.2244870952249753,2.7760800896155575,4.51644454006606,3.681654203684221,1.0797791127335121,1.0292752998167531,3.2239816630149067,2.7764690319543153,4.457984933301974,3.6426639576626076,1.991508312898478,1.0293048972404872,3.2267174869546236,2.7743637761647526,4.77240539145589,3.8501575831030124,-3.3962783288249074,1.0291087090463102
India,-1.7680062425293321,-1.6199345689285702,-1.5812856317637907,-1.705360750216655,-0.7445977384920377,-0.4147147480225684,-1.8940796436505445,-1.7682914224137587,-1.6246075723308322,-1.7565682172022083,-0.7677945789638856,-0.4147080940598601,-1.631014745270849,-1.461012098906087,-1.5353361903207203,-1.6513110166102345,-0.7202067378897403,-0.4147217362106699
Iran (Islamic Republic of),-7.580875749389744,-0.9327729215891783,-1.749759068893966,1.4461325951833728,-0.2561341250514989,-0.40867051074424865,-7.293678993770255,-0.5190901537899376,-3.2872921729588596,2.167130997857689,-1.6779967960179325,-0.4086535545913312,-7.971968953629334,-1.5202595484216344,0.2968553971514761,0.5319057910009013,1.4793497396027986,-0.40868963809855646
Maldives,15.125065374566745,7.618547095345021,10.168470175014921,3.869037906303014,3.2405150190423297,1.8642267039825065,13.201075477496316,9.559287860113054,11.938552369041568,8.640606749015484,6.014092964263335,1.8649612962855526,17.24821900863967,5.474919689452305,7.765507914596907,-6.552339634610094,-9.809266080976466,1.8590052693197912
Nepal,9.465857792995802,0.7862530437881419,-1.1007266763697867,-3.2116809684083565,-2.546739376965368,-0.9333036171795758,10.88581544042796,2.1693097805262624,-0.5663863854094923,-4.3192992845251865,-3.8463314083407014,-1.291750601967315,8.846619405934389,0.11817819646086998,-1.377948520715103,-2.6491972932551104,-1.9431396629660944,-0.7762064334226202
Pakistan,-10.517371094729548,2.615309395847994,-5.533598725698628,4.349891168948975,-2.3391817542498217,-1.8379333780902876,-10.29226992852094,2.8491216562509654,-5.505769028367662,3.8813739410159345,-2.33917392628791,-1.8379356936826579,-10.769982359953637,2.34641184575987,-5.566058202627909,4.883629489242193,-2.339190451316682,-1.8379308054068462
Sri Lanka,-0.34951497488623195,-0.35024915463126494,-0.30430675690247416,-0.2889774424889962,0.3798499736218855,0.1956760779853487,-0.636764401375412,-0.6431364713553794,-0.6034323141457623,-0.5941596616837244,0.049229012041447674,0.19686086261137284,0.015431249043291377,0.009913805176419474,0.05169240415117792,0.06251204606650777,0.7479515560964143,0.19437975517918846
EASTERN AND SOUTH-EASTERN ASIA,3.9770890232264273,4.618534931286488,4.178236863981731,3.9168121420744764,2.532653818708332,0.5841275506691717,3.55780435936799,4.183441447092203,4.347155182976129,4.070422265103865,2.7192548137245853,0.7220888177519373,4.409729175231582,5.048623484816992,4.013465659768381,3.7645583137024734,2.3445265582750614,0.44294268561133715
Eastern Asia,3.172032307929072,3.008845762192433,2.8812503294765497,2.5127568988650455,1.5624595121783333,1.491237961572583,2.602111287064988,2.3008591348313745,2.8224125141588,2.5104771200960716,1.6822539998321298,1.5867306968952586,3.73572279771866,3.6666802244756234,2.9339375097292426,2.514792456347681,1.4548998971743536,1.4046948973439644
China,3.2241791281447294,2.7758125779982286,5.799893881496625,4.4905947630537675,2.809677939866768,1.315066281339692,2.999934514033005,2.6080912774577545,8.046073093531039,5.721951795476528,3.4219600436622493,1.3150743165718293,3.454960773576092,2.9450392549410407,3.2677719506968526,2.808143216882083,1.874300817421527,1.315053521068512
"China, Hong Kong SAR",1.93468530250001,1.7639238575818215,0.3867248399449997,0.4269424110115725,0.4180185860710233,0.8960520761412183,0.8792913451001894,0.8422398839169651,-0.6721860505050541,-0.6445045955153917,-0.4865871518057884,0.5163472675564299,2.9645124395415836,2.5812889273056463,1.2437995987373798,1.2160442469975778,1.0302956539850243,1.1404104625283418
"China, Macao SAR",1.85091151395203,1.3628908094034302,2.967715565123674,2.6265239512448586,3.3224669352306426,1.5157328587110568,1.4565595439959482,1.0762461386358408,3.5115666315592784,2.3176692664096477,3.5208845136714446,1.5157755846289027,2.194277120204464,1.6046977495662758,2.5033971589246686,2.893078572572434,3.152106766517276,1.515695834697551
Dem. People's Republic of Korea,0.6008018990017168,0.5832788671955583,2.054242465541944,1.8623072455337446,1.9256112512447414,0.47778175908326537,0.19339301023575256,0.19154086274095541,2.155766741579957,1.9449252424004126,2.045551458384196,0.4785916193045479,1.0162286170670023,0.9670798446984291,1.9561972252988884,1.7817936472959781,1.8075480261272092,0.47697978933673063
Japan,4.732221246859046,4.2679121186456825,3.5257176941357162,1.1832170940220375,0.8982761767893529,2.821607877526973,4.662500620595384,3.167196433030327,3.1141518653902067,0.8675721763627637,1.5352313913886033,3.506208351914955,4.8019857323275925,5.308294521532857,3.887386529495071,1.4513416582097376,0.34899931509133353,2.1973483938165006
Mongolia,1.9985500858759677,2.0029519707218975,6.709588773570739,6.722224021354785,4.271194655832229,1.514580210923732,2.9328671493365883,2.844159277516713,10.138358218988142,8.994779419705251,2.234079791600025,1.5151727266034603,0.981864807908445,0.9964069732709928,1.368871436603689,1.3962609574168237,9.131660648491188,1.513387957174629
Republic of Korea,21.048678421804755,13.574480980904804,13.765130457354061,12.760343593901059,4.342564737505411,0.445835405558772,21.335496468247996,14.101208911248172,13.714431113198678,12.282055101782278,3.9900585322342015,0.43836980952677446,20.672959997559566,12.850704508529248,13.836791011034686,13.41546894943021,4.802481991336534,0.45537682246151406
South-Eastern Asia,5.034672432855787,6.4695754190307735,5.460767319460198,5.135939505481324,3.28826756110185,-0.11459470400678796,4.754454170125758,6.209244553924019,5.730944385721709,5.298309684926036,3.447663131633049,0.12373448817320858,5.340259030172786,6.745620426216706,5.174135412633933,4.959781035341752,3.1123986457195616,-0.38246637524199567
Brunei Darussalam,2.929734523895564,2.5548926783077897,0.44061205731980413,0.43131281439805264,0.4222072980596312,1.8539334017959122,2.6691943148773962,2.354173972990576,0.5347245306957323,0.5207995091717113,0.5075813746992942,1.8541111141894142,3.272444004022907,2.812003149940774,0.32079132831945345,0.3161830557081123,0.31126216371240334,1.853701323112411
Cambodia,17.537585026805324,9.198063736672895,-4.954366056568576,-6.600632422750598,-2.0574750390565226,1.5357486675699905,17.31604834756018,9.139459088126877,-4.392988511668518,-5.637249492186689,-1.697819652701212,1.5357544978875965,17.75435620384247,9.25461973439842,-5.509858100029401,-7.63099113423213,-2.4696744403955093,1.5357418552466549
Indonesia,-4.118440213309698,-5.192520775728266,-0.18828925320720688,1.065692491025562,2.0347582078046975,1.085943199339422,-3.643386366895059,-4.458304741752219,1.528685388019135,1.101592621684236,2.355152375113362,1.0860353747977427,-4.592849118583368,-5.9723104466368495,-2.270603120881204,1.0177078671025792,1.5974128471800848,1.085814969764055
Lao People's Democratic Republic,0.5691020283694297,-1.3886034668304121,-1.4912739672261695,9.620613473385257,6.468082954625795,1.459167151965127,0.654922086962059,-1.0691431402500169,-1.1277104393130477,12.216979153115295,7.5284216506722235,1.459858048739185,0.47708520248775765,-1.7384619251368478,-1.9040850642270921,6.12201077629372,4.680679294275963,1.4579162574404032
Malaysia,5.956824734640602,8.911542374384505,5.412958559930058,4.622895968765804,6.107210173872409,1.1155004854149306,5.526386271400672,8.60733266457476,6.410711046073221,5.198007858943001,6.120172756931798,1.2332044848196653,6.543790075511864,9.308930495747088,4.0546699806456905,3.762076135244747,6.087081288091719,0.9314660951061975
Myanmar,-3.2240113932631154,-2.963164255220889,-3.3187590001346736,-1.6595168360909591,-0.8296508203932548,0.9005909927997815,-3.2420827032136708,-3.29468231158791,-3.1700033980571454,-1.3629807934125011,-0.6831077946668334,0.900745113192296,-3.2026926992206177,-2.579384076504261,-3.4892691326808367,-2.007709481373258,-1.005935040097557,0.9004040895561538
Philippines,5.939410749111392,8.559320154391278,-4.2290927953449815,-4.209633836908358,0.3104274125764099,0.7747046390478329,5.5798024633550085,8.185789770472073,-3.929630427717902,-4.1802276271396,0.3399005177172987,0.7748734818119132,6.334142563334301,8.954020705678762,-4.544315321580187,-4.2411149012079115,0.27877834283954095,0.7745230522858024
Singapore,6.198481631790483,6.198016016822162,4.709685548277279,4.7096905638948225,3.225402658869843,-4.13754114646378,5.548233919979623,5.526341298526324,4.639547468912779,4.639295043541962,3.2018715628338628,-4.177060465405137,6.770340142573734,6.753634710728289,4.765773515777803,4.765630080878761,3.2440229494242683,-4.106346369222374
Thailand,8.52561171524638,8.808952577894956,10.846438484689616,7.979213470655363,1.5648473682664577,1.043166737361016,8.159142532094258,8.36701978615528,10.338769763598455,8.0540594168291,1.4987361706762372,1.0390704341876575,8.941086460663715,9.289086595026461,11.371682969945192,7.903465581955568,1.6317846037180592,1.047299769763976
Timor-Leste,1.6889743724886102,1.689871682448205,1.2504071396266785,0.4451248306601029,-6.068058404774583,-0.304071765294633,1.3594725128114915,1.347638897119296,1.81141245061218,0.9077335403271335,-2.5121735297554753,-0.30291556834880884,2.009280003983448,2.0118023848756583,0.7169737866849109,-0.01752694880376404,-10.509726240695853,-0.3058370232016617
Viet Nam,12.01079592588578,2.035528030141675,-1.83907881408247,3.528378780494305,3.2885731990745777,1.1120257292686717,12.311874236785966,3.0465908288498205,-1.0757938713298314,2.9062466328791436,3.178971625731603,1.112582871547015,11.649062690284854,0.7268266421652607,-2.9358969613985044,4.42993326151337,3.4404748272393766,1.1112585717878012
LATIN AMERICA AND THE CARIBBEAN,-1.3656082530912665,-0.3559249037946488,1.8982884207893638,2.683597798688886,2.668294565851976,5.304233254381339,-1.4212427223195887,-0.40721695884477355,1.8142933159986738,2.6853578247331207,2.7937382198532,5.343798302519299,-1.3097495243905906,-0.30470088793925504,1.9816081505613914,2.681859059849314,2.543579760421726,5.264588559871896
Caribbean,1.6740562385107307,1.6556841855287836,0.9926608182946949,0.23528077755319105,2.317803489128927,0.5784730152999155,1.5292911953473896,1.5284272059799662,0.9314862047355434,0.2089024876380574,3.195715945350778,0.6095591389926267,1.8298655678743205,1.7907358676667424,1.056956150341957,0.2628806152465911,1.3573462695721148,0.5428164254108949
Anguilla,5.103097221155741,4.057217140813488,2.8446165745976226,1.7135231269272713,1.3890002870411078,0.9374136115351425,4.608602702279707,3.742998973326089,2.91778546942246,1.774135431497489,1.4223243890398247,0.9552892857911237,5.566026404231433,4.340164152975139,2.7794811117614033,1.6592229738121387,1.359013238170155,0.9212915568788625
Antigua and Barbuda,7.554670977998787,5.470449353431933,1.3977073787171324,1.3071333162599392,1.2269191745078458,0.9810998878555854,6.632736342394783,4.970420289830036,1.378306380841433,1.2894131562855644,1.2112947717742197,0.9825139165012611,8.369830071692792,5.8842117794697115,1.4133847803920094,1.3214284819683804,1.2395046924206279,0.9799616271211321
Aruba,8.662819511113943,6.0247594864045535,1.556240969995113,1.0692422947053621,1.014967705350579,0.28769967589359285,8.783254039287621,6.08228792516675,1.48226511417841,1.0072433046353861,1.014890373324995,0.2885567325079289,8.565689526337108,5.977988200412879,1.6163394490096978,1.1193017041678455,1.0150299701019219,0.28700958816333266
Bahamas,3.2882499910733753,2.823733377833006,4.474937391657742,3.6544713369923993,1.6037770617696825,1.495522212041054,3.6796717404164236,3.1077533172546503,3.9439902430177423,3.29287759733546,1.4631902870358722,1.4962904891710855,2.8642683068258004,2.504984372917852,5.063161179912982,4.036842955243294,1.7486652066547228,1.4947360350262835
Barbados,1.7524338264088926,1.6111767343450407,1.4910031310363563,1.3881280983663244,0.9808800698101127,0.23960230746293276,2.1993969309107535,1.9813142301294349,1.8026049735246967,1.6548398749491946,0.9818734193352484,0.24095797920252704,1.423842744356751,1.3291783794177554,1.246320665274956,1.173189854335667,0.9800698152280126,0.2384964098686308
British Virgin Islands,4.467350922767542,5.090776253998253,2.9480588251288418,2.5688107860781395,2.2761097445987173,2.063310220757237,3.978129641281279,4.7578639515893215,2.950140638454781,2.568014028548799,2.2776053800519342,2.0650204098748115,4.971069004460082,5.419663262823997,2.9460357234420713,2.569585122370779,2.2746561471472133,2.0616478654488795
"Bonaire, Sint Eustatius and Saba",1.9095168526702986,1.7425543799955243,5.990279567506995,3.000027930915881,2.5510047675549408,4.367601023328115,1.7446696880723822,1.6036318518253232,6.342142915138414,6.342142915138414,2.5818233932357577,4.370592879386608,2.0430029764504525,1.8535165675710932,5.70650974090239,1.8535165675710932,2.5221490710648076,4.364795219864824
Cayman Islands,6.145904680813735,8.294765180756894,1.5091839087908256,3.026146438427539,1.6891029626321405,2.5474323041771942,6.469896233739887,8.448213788655936,1.673421848396739,3.1521826208339805,1.6938700377942755,2.552150392031458,5.826478201219003,8.139835715512904,1.340681790350504,2.8949164676766235,1.684106195696347,2.542484721255776
Cuba,-5.545783062440705,-7.701078442457407,-8.014678450153173,-11.727265926049018,-4.462871026284194,-2.0898609834646016,-6.379929518014054,-9.423974113473463,-8.012597558435335,-11.850397189560002,-4.7158415651074135,-2.2447316696849002,-4.744992747878498,-6.23487660719749,-8.01631361819825,-11.63102936324674,-4.268423200418781,-1.9727812925076322
Curaçao,..,..,..,..,1.653256724595758,2.085444197986422,..,..,..,..,1.7163786426213652,2.086091866019709,..,..,..,..,1.6092856029015117,2.0849918089930406
Dominica,4.285829318363383,3.527526632038749,4.847017336096891,10.724344128637945,-0.04196755227513331,0.522731032594315,4.3002560320938255,3.7222780980974988,4.8458808568542855,10.448005780185584,0.07130132328992289,0.5165715600660946,4.2702105097275584,3.3143615824084782,4.848273944693112,11.025494250943343,-0.1643563435362865,0.5294240454829872
Dominican Republic,2.0997832342233904,1.9001248430106927,1.115087323324313,0.9209638760036924,6.65969435800136,0.8219198411362619,1.8056030880563587,1.6560980904219667,1.0963869426575095,0.9049735955562488,7.847058062918697,0.8218948111002023,2.5786368344636426,2.283675204107661,1.1439880449917217,0.9456217808656551,4.680398683169865,0.8219650145359279
Grenada,5.2548624820905765,4.157521583668425,0.2243776720957649,0.2247538419693888,0.21942230488824324,0.23623333521805234,5.307097872679909,4.190079527303285,0.22320349137104034,0.22651614281578558,0.22397936886750452,0.24154777279342227,5.203730176725401,4.1255171041367955,0.22553368963924292,0.22301875119508202,0.21493419526717783,0.23099702353363652
Guadeloupe,2.4575748446341548,2.18836934826081,1.3652666717754753,1.2779947718644162,0.7372286561030802,0.38356323385665625,2.0491764438571516,1.8585957655243532,0.737890750192117,0.7116325249180511,0.5033396583656213,0.3840790514891381,2.8517411541902735,2.495401392754032,1.9233686432450345,1.7545205007693168,0.9269325936249493,0.3831492619556693
Haiti,-1.0267484321265872,-1.0265045954711554,-1.0269661019874496,0.975803283388641,0.9748053042960962,0.9785985167125517,-1.0252704044914907,-1.0262837688847377,-1.0267456660470227,0.9765364346561574,0.9750052943209823,0.9805178288320332,-1.0285976023407504,-1.0267808994992678,-1.027241924078913,0.9748858732373373,0.9745550387322842,0.9761964736442884
Jamaica,2.0746563610029223,1.8803306303244574,-0.5180332634379989,-0.5309640666547938,-0.43550521025060945,0.32272346938203494,2.3794695775086767,2.1262370186595865,-0.3876403346594728,-0.3936389265843129,-0.43381272016818195,0.3250911298734894,1.7803689206922102,1.636363742010364,-0.6498530870878803,-0.6716797290825706,-0.4372517347908705,0.3202797737276485
Martinique,3.712205820344061,3.12949640459869,0.9118735865725194,0.8717688350473093,0.7110042573719594,-0.03404173068902206,3.081367278123805,2.6693930247345,0.3428076602760678,0.33627111077954425,0.4944080415151684,-0.03336917925254055,4.307687068098699,3.541613485007196,1.3976175250758944,1.3062975795040046,0.8808989965062676,-0.034564208512860885
Montserrat,-4.4430100514643565,-5.720583590269627,0.5377105949206499,0.741702350950353,0.9085589422711291,0.44021680351181947,-4.419186989987374,-5.648865871910032,0.5392872327671083,0.7675539019779789,0.9413502171597147,0.46264665494269885,-4.467952972697003,-5.79604129531633,0.5360454875850958,0.714361652041585,0.8737739000466233,0.4163608726284328
Puerto Rico,0.9795040756749255,0.979614506183681,-0.16369286296014823,-2.8766010150959023,-1.6731559547575814,-1.2487019574635743,0.9406591439405522,0.9407023369454188,-0.2028293945365211,-3.0851522566766327,-1.7572413933650413,-1.3608908470745582,1.0147803801064388,1.0148211531940485,-0.12841446345770866,-2.690799124944098,-1.599270147405421,-1.1509217005975523
Saint Kitts and Nevis,5.603546935954266,6.471533862848222,2.587847337050318,1.6178846367616166,0.5392483521025607,0.4790565744541053,5.814450252340954,6.687767197154512,2.640455169350376,1.6706025380285845,0.5698391158861249,0.48054084452384144,5.380280107606141,6.237506897482562,2.5301068116871153,1.5597023736624405,0.5053383960757154,0.4774084979773761
Saint Lucia,5.9832328188493555,6.4357950485467335,-0.058844459839289064,-1.6756738719750541,-0.8532099428543012,-0.8502226511649582,6.163844382719817,6.616057082262743,-0.4774275463148801,-2.0234161042466763,-0.9258314948595995,-0.9324664062044649,5.80567641613198,6.255368732343086,0.3552061074865152,-1.3444531262953423,-0.7854412470705754,-0.7739856656958091
Saint Vincent and the Grenadines,0.8144246755311134,0.8150855519263773,0.5902292683229415,0.5908258618602771,0.295464856563788,0.29478313454763233,0.8429782920432237,0.8565786009596207,0.9217363028586728,0.9246090863652249,0.45524834337380155,0.4523582284235357,0.7874276727443716,0.775720500703129,0.26990962949769015,0.25749523271316993,0.13189759828983982,0.1311191816823771
Sint Maarten (Dutch part),..,..,..,..,0.8188824893333952,0.8685960505665135,..,..,..,..,0.790838786444185,0.8698326389940925,..,..,..,..,0.8447104359770011,0.8674586448359685
Trinidad and Tobago,-1.9348824199546744,-1.9347929639275996,1.4140931138745312,1.468446680260731,0.7308924508664195,4.232649624571164,-1.9868658676725517,-1.9872953397839268,1.3617377904774475,2.2902227897277134,1.1024295859515705,4.350412723894065,-1.889923099184871,-1.8896052448478873,1.4589352554984818,0.738522947935717,0.38159598069959466,4.119400880154859
Turks and Caicos Islands,6.594089050061244,4.948474840585719,7.49733513327113,5.44165141321074,5.547247896408429,1.9214582952691257,6.592664005068424,4.945606325457607,7.498423668446284,5.436569334562223,5.548823950846009,1.9232383291152253,6.595617855211759,4.9515515330298365,7.496167707295201,5.447100684349829,5.545558275153901,1.9195496997239936
United States Virgin Islands,0.8554090204001802,0.8553246515147326,0.012714334073499563,0.013059092857056339,0.013050571425548736,0.010575855480020139,0.7402394818014767,0.7392725782934945,-0.002993115839169555,-0.0029935638433367033,0.0044901777550646026,0.011221665483542679,0.9601498482225548,0.9597125723968594,0.026754962018148955,0.02738674175077287,0.0206821801434863,0.01000033347779314
Central America,-6.854745226406409,-3.187106479817163,4.480801242776756,4.667333860296531,1.4216741661050247,0.6414036857099338,-6.79134265433282,-2.955228724855764,4.420626784250619,4.676090431244416,1.3142170541410019,0.6632905192223342,-6.916751321659503,-3.4172317778795827,4.541033102215096,4.658591456771439,1.5284311121917642,0.6197567595721374
Belize,1.9071603851027414,1.7410248290093646,2.537539671995652,2.251531909247382,3.2990251605837075,2.3230737958115806,1.3206389155248532,1.2388099963530983,2.4367228436863457,2.1718242869668374,3.180090254597543,2.3230181009737474,2.572249111381598,2.2788079451362684,2.642187413245738,2.333512377035309,3.4201290720003095,2.3231301669287956
Costa Rica,-2.7329813125285063,-3.166455096800125,2.8280486023349454,2.477248139760222,0.30807082244997824,0.36596531571429136,-2.7966764053522395,-3.2521961325912785,2.3485448441688663,2.1016179017840537,0.17688165185706736,0.5407584678942197,-2.6674157281743374,-3.078861311475883,3.30427999343809,2.8348904046320915,0.4299352318660519,0.20352830836766414
El Salvador,-3.610820964917768,-4.410205017504525,2.5463977110709095,2.25800496367028,0.835872961863324,0.33781903549126036,-3.5935709956120254,-4.385183278653345,2.6590543119641104,2.3456099697158987,0.8666796404212276,0.33900929261258583,-3.6260771658936304,-4.432378857816442,2.445911430341179,2.179118802012112,0.8079756893144562,0.3367395551594856
Guatemala,-10.517234091903147,-23.54766600719801,3.4757093362262332,2.9598697453708356,3.31510862738899,0.6515960287396949,-10.411633072328053,-22.977467061997192,4.120702736452202,3.415022851455654,3.6656131019921836,0.6518381827813301,-10.596019724256022,-23.985957066343055,2.952195305679884,2.571385624883118,3.0044768758075815,0.6513778436833173
Honduras,-11.861580840689179,-33.16747257219544,-0.41608998597133257,-0.4256636932787645,6.7889323364286644,0.39871395269381127,-11.848174000643105,-33.04053347897724,-0.18880415837873818,-0.19200147458038463,6.816729772470525,0.39945617564463604,-11.875473790927849,-33.299960551615435,-0.6576697430344052,-0.6800337063132261,6.758255100339874,0.3978936118617276
Mexico,-8.336280071705449,3.197723899853872,5.616166303086252,6.161160060276908,1.1866320024320665,0.7634919101840759,-8.338511591542476,3.3088845899164485,5.667482176638107,6.214110191291457,1.0026259609569006,0.7633040573820734,-8.334042171387583,3.0856339699521245,5.563997054267154,6.107045278379577,1.373449346308945,0.7636808717148227
Nicaragua,-8.84325504161629,2.649109086099032,2.7784350947264125,1.3375039690622754,1.5106088412188041,1.1587099409516628,-8.905378501562325,2.8659075449393425,2.8364110007275496,1.4694555675633778,1.60181928798654,1.156309520032003,-8.780424755909513,2.4281224383435585,2.718512485134339,1.199793914250262,1.4143237320995488,1.1612555677617808
Panama,2.4294756235161272,3.2646293833469753,6.864123077111382,5.824753276603171,3.211500073039606,0.04894777404542887,2.0576739360036713,2.8830908686025207,6.863713730089831,6.047812601340401,3.17209730854459,-0.11757764608758743,2.8378548763299727,3.6676270461735725,6.864547041616333,5.591080626401886,3.2531671567054423,0.2234914770403558
South America,-0.1592436640427846,-0.12196770603444826,1.4306606955812549,2.712741293060521,3.1589698253157743,7.570790874509874,-0.28278640807126304,-0.24998847001985214,1.332644982363224,2.7365081764250445,3.1706845214420856,7.706997615318182,-0.036181490134704695,0.003969189531268611,1.5260086856738246,2.689705838770761,3.1475957943644204,7.437754223211974
Argentina,-0.6761840061839902,-0.6998476276404932,1.6549281326743774,1.528392488932762,2.8860495120120557,1.472531546919178,-0.9112393427917056,-0.9547473973435625,1.5250824828498715,1.416983028610358,2.875783191311649,1.4725439531663427,-0.4636113376892236,-0.4746136556197666,1.7676077155625796,1.6239927532189657,2.8948093797423335,1.4725209661613283
Bolivia (Plurinational State of),2.504602648925014,2.057913982188184,3.0170405745191142,2.6232842841932817,3.036723316394278,2.1954701343557685,2.620630659625975,2.150381925343399,3.2298708591902217,2.782242139312188,3.0374284679461385,2.195570475831995,2.383565540742545,1.9604187672377866,2.7890726868219784,2.4496966448113793,3.0359468080212624,2.1953596344058024
Brazil,-1.4800845503295519,-1.5984629315894592,-1.3915758005194316,-1.4956891773734975,3.800150284011222,2.9714488657386533,-1.4597276235517695,-1.5747700778328495,-1.3054726576358293,-1.396673228580102,3.8010764590092214,2.9714604311572446,-1.5034068408200227,-1.6256713471462978,-1.4910412425627773,-1.6112212405148003,3.799063753648401,2.9714352972260962
Chile,5.625184480496966,4.385286159467903,8.873613635446363,6.125115882357145,10.661533512004844,9.620863281271063,4.883230328873898,3.921841162157595,8.780727107495363,6.081086123335002,10.523347146988826,9.62087943819406,6.3617255571474685,4.8188245111612416,8.958202873790926,6.164951464470496,10.785479815599745,9.620848883970575
Colombia,0.504903245783614,0.4924701137967505,-0.36774644515883737,2.8786499821415656,2.2594566550075945,52.63445470449649,0.5779107709705072,0.5616796377575147,-0.1847612957520407,3.2764628904218727,2.4322496621324525,51.25613932558228,0.42884334274820424,0.41984071038779397,-0.5622829776410284,2.4427226845890804,2.064333305224357,54.117865084916474
Ecuador,7.611351841911191,5.499938628218056,4.25058571371051,11.033679764932183,3.4959738815489123,-0.3905049359433244,8.137830247708825,5.767890246586474,4.391109458959102,11.126145309597238,3.549278886336275,-0.40125234329320203,7.092492052389251,5.225169815817564,4.103464116310378,10.935708798089346,3.4390689762412303,-0.37900517537722445
Falkland Islands (Malvinas),0.3018049144717971,4.128290732828063,1.7745623121736844,4.165647653954635,1.7970177729490315,4.77984012124286,0.8819063973044876,4.415756752435014,1.1902825506481542,3.5722195479483783,1.572237751393069,4.781360750765884,-0.4965772330774,3.71150207406095,2.6067207538154546,4.953742578118399,2.0817569212386373,4.777938114870032
French Guiana,1.951255797726821,1.77743274476585,2.4107568875500647,2.1513859430365656,1.9422748579065445,2.522273368834858,1.1303766671481787,1.0698923620434362,1.8802427792364282,1.7189972753087128,1.582872464492931,2.5231003447112,2.902343714349978,2.5335165219718774,2.9429744454438107,2.564951226214729,2.2730799968684914,2.521525194029721
Guyana,8.780060132796038,6.083091889896096,4.657967462489238,3.775446089748593,3.174660244698953,0.5067251942925486,8.735751584744108,6.063996272461856,4.646798234081119,3.768116244965178,3.1694804689338483,0.5082270409606422,8.83137730442336,6.105132522182475,4.670838272424686,3.783884201528847,3.1806191889211273,0.5049978016383609
Paraguay,-0.9743228701484757,-1.0974783305363354,-0.9704644870516902,-0.9673708322327749,-0.48455304595484744,0.6399786657721032,-0.9862226636711876,-1.2255242996945817,-0.9690908132832857,-1.0064545954063837,-0.507868961774185,0.6402316916095605,-0.9611849111180917,-0.957142529114052,-0.9719600460702141,-0.9249028109231054,-0.45930048792923606,0.6397049530246898
Peru,0.015517546184899443,3.1170294351891132,3.2188152353800863,5.92051527727936,7.816191311357443,40.50262103339175,-0.22254738999033127,3.144009709577549,3.4178595528622226,7.291450481382802,9.695313871875712,38.46581971599961,0.25131073704232215,3.0905860329673804,3.021525739846332,4.447036608220188,5.402493093735695,43.15465348672853
Suriname,4.210217342205351,4.178420503588116,4.040497088454571,3.304991457906144,1.649413221543903,1.6974844416395054,4.269040354535393,4.228938554855303,4.103523297868876,3.325808687557377,1.669922194499679,1.7260959646924752,4.140909069582078,4.118541549568994,3.9653265177016492,3.2800485578203697,1.6247837641055651,1.663042338080226
Uruguay,-0.9791873195121246,-0.9994289974642794,-1.532839771779557,-1.5173078343178559,0.6437610086166913,0.8370457632553422,-1.0771506207062995,-1.1038981577050893,-1.7468208905245333,-1.7314422506660099,0.6310283041994257,0.9267204491121138,-0.8937128716769669,-0.9091358561721898,-1.3506071531984059,-1.338507173027354,0.6542826612277026,0.7627429862826336
Venezuela (Bolivarian Republic of),-0.09805374639530455,-0.12308433160831557,1.2009279209119312,4.488931771403022,0.8301373853932436,-0.517222989828525,-0.15929445676605472,-0.18748761530864733,1.1280319450307175,4.567088641217796,0.7885815415510108,-0.6291747341642979,-0.03578076072229401,-0.05800836230957111,1.2740796666746208,4.410479962476383,0.8719265184709459,-0.4053788202628363
OCEANIA,1.1913916754615188,1.306164104883232,2.3292052655736284,3.3666383922165477,2.4832149438789632,2.5259365522386052,0.9684643475558828,1.0818903583282644,2.201333375349953,3.3867724373978767,2.474923940017841,2.4923046810324028,1.421266249608395,1.5322638476638317,2.455866390605227,3.346801679602317,2.4913883108212556,2.5590333940215206
Australia / New Zealand,1.1666072312728093,1.3183753012659019,2.4249874003194094,3.5554131674737857,2.5762966366814988,2.5913161842457804,0.9549961496733723,1.1207138912784504,2.2996676322572456,3.5804133561514018,2.5773954025436163,2.56247364737485,1.3825840529344182,1.5160069058471486,2.5482873554630046,3.530938070698586,2.5752195588608235,2.61955868651015
Australia,0.9775193294916206,1.0912845158526145,2.125336038420595,3.7464397282836286,2.689431754612518,2.872896146585723,0.7801740949776738,0.9024733380995664,1.9915378542248494,3.7769161363921,2.6937747216001915,2.832605566402549,1.1800626131755416,1.2813327457621058,2.25785604753908,3.71640937546259,2.6851449486958967,2.9126106920828287
New Zealand,2.5541949148244347,2.851399342900276,4.259981254541843,2.4084405897630146,1.8591067384306375,0.6878153510789561,2.267973333303192,2.6329839704780995,4.232713276339888,2.3729103929448647,1.820280396769601,0.6879105178432787,2.8346514429286493,3.060163408157137,4.285733292260038,2.4418933260959674,1.8955313147374393,0.6877262387269765
Melanesia,1.1976262314816837,-0.32211576560738814,1.7544785389490452,1.2426796371397406,1.5064350006873544,0.8687290312451637,1.2893653804978973,-0.4252776079282528,1.6904025396095417,1.3101549966211865,1.2130661109729857,0.8156863969445085,1.0821243683917823,-0.19231595597067289,1.8343438817359508,1.1585611888000031,1.8675933668248206,0.9328185249475004
Fiji,-0.42917489140669157,-0.43858678221368413,-0.4516372242795887,1.4215242230517986,0.5904052066569954,0.5164097391855502,-0.35659973641696063,-0.37518921222888235,-0.11241958957578524,1.6738469352217171,0.7804259799813219,0.5167884223945161,-0.5066748822457836,-0.5067647857827181,-0.8242053729332572,1.135596677776134,0.3699085037045842,0.5159657811555421
New Caledonia,2.9506900218013303,2.5708074536451715,2.1930262222605155,1.9758167405208398,2.378393972041647,1.292909962254263,2.70363866025738,2.3820407944205324,2.096885355313396,1.897751936866602,1.9097416774605394,1.2157724815549071,3.253833140291823,2.7969115262771966,2.3063999663048,2.067006769246107,2.910063246517341,1.3779824805269882
Papua New Guinea,-0.10946544073766487,-4.852004766706335,2.7000693712908563,0.210803028705572,0.3357041254265853,0.2188197777398677,0.4796882487001916,-4.452284881284112,2.4246971375620108,0.6002759160730358,0.2881770287300545,0.27868009786641107,-0.9330555794233,-5.445430233723801,3.1120296562724294,-0.37607237679264427,0.40887002271265493,0.12666530324254763
Solomon Islands,-0.22846512118981868,-0.9659923823238779,-3.928745909238665,-3.3973013765437634,-1.3101034353733225,-0.5179000919615667,-0.17960351615168701,-0.914043069617108,-3.8998281907001275,-3.372900333761987,-1.2821478746549448,-0.5050676829379867,-0.28978237028276727,-1.031556597705467,-3.965409843751502,-3.42833248760157,-1.3457608340788105,-0.5343035068968254
Vanuatu,1.2837284552613135,1.2978800894337141,1.2831528260110752,1.319767249333056,1.269445115747766,0.45088286802134997,0.4056301283850099,0.3824208289355675,1.1482181442667803,1.23436047332799,1.25122226841714,0.4538465796390371,2.306407516224208,2.267798858518775,1.4186151551631794,1.404568738304995,1.2874456783334922,0.4479576136001302
Micronesia,1.7085267542211222,1.8494884258247433,-0.2778338101665314,-2.1993296063476833,-0.2620113344339744,0.9623176710391398,0.706426741271562,0.5882868991582508,-0.36023569588093574,-1.923743314551361,-0.1681745737931783,0.9069835809064475,2.9081899676095624,3.1885660895220895,-0.19618417379273614,-2.475056639759412,-0.35765093507381096,1.0188560084882226
Guam,0.6090809310205345,0.5913488550819949,0.18089940751272127,0.17927783386030796,0.17768507353542878,1.2049017927386705,-0.27729193575678973,-0.2811905932829211,0.1675304403052535,0.16613876719452872,0.16477002494776222,1.2056146046520355,1.7016921997031056,1.5687480568882732,0.19518860349782022,0.1933020706080513,0.1914516562625787,1.2041424669501788
Kiribati,0.556478315300858,0.5326546513119796,1.711735945472184,2.850755158322128,0.35252338269207617,0.866944299464254,0.5699406147709054,0.8424107295081626,1.9856293916288836,2.837611744708878,0.35399154198801713,0.8778431377820294,0.542342721788492,0.20192920502019188,1.4102756865531627,2.8654208384416298,0.35088619301819046,0.8547841187069836
Marshall Islands,4.906954172504404,4.901274038005936,4.9084262409005115,4.906406244301976,1.2242955530747441,0.0911855114260892,4.787544547783625,4.7920252723450565,4.871048458908335,4.876081325594535,1.1882654451225076,0.09925571350463444,5.102421128049376,5.077444520709208,4.968126743041436,4.954629585339125,1.281346092097184,0.07843143687832184
Micronesia (Fed. States of),-1.9540219093619602,-1.400386043294003,-1.4023347540925466,-0.6934681724721078,-0.359592570577142,0.565046474514083,0.18966476895331957,-4.160775241135193,-1.9003938647457177,-0.8084542644255831,-0.4032394658068839,0.5870783026317753,-5.198165330152419,2.6317511713658726,-0.8044960262101799,-0.5600063164022383,-0.3093642501841731,0.5397279787015844
Nauru,-1.5505917277264682,-1.6893413613909762,-1.214058913713481,-12.884181529077152,9.370464881506026,2.800126459412371,-1.5312542820874586,-1.6738665927965906,-1.2046997224175227,-12.302884984366584,9.895418823426356,2.9679076709845496,-1.5728625463822623,-1.7071969790231352,-1.2248725048143734,-13.577903157054877,8.704141546138038,2.5790073687055983
Northern Mariana Islands,3.9353876862552513,4.290148094526641,-1.3292901211123012,-8.80861724319821,-2.202327453118772,0.1921183786785198,2.1090333841208246,1.8548518516996306,-1.6914522500043643,-8.93020208541115,-2.3273134050414526,0.1942979513500701,5.858378078226249,6.375783466835153,-1.0566791435433476,-8.719012180407082,-2.1111946150204104,0.1905376006234909
Palau,10.559151465780266,5.68403213972274,-0.8647019834740064,-1.9194464371596438,-2.123407924894268,0.644842307568939,8.893716425228915,6.595705942561693,-1.5156751490793912,-2.397832214606057,-1.3860869890480765,-1.0306347851414832,13.244076077075793,4.286931987417026,0.14913076553328136,-1.2253938314168304,-3.21066892153348,3.028868910661405
Polynesia,2.081003040743543,1.7353677129867955,0.6462948588763842,-0.40700003850615685,-1.1330753277588212,0.28054859255095255,1.868156270936517,1.542178107031031,0.4301131050646583,-0.480322119878431,-1.1739832785091786,0.3106478148723545,2.346958411403924,1.9713436091488081,0.9044573367145031,-0.32081582296485295,-1.0852887497631245,0.24542029759956455
American Samoa,1.636748034244579,1.512071627974935,-0.5526854894613169,-0.567544569331444,-0.03569304933070855,0.027629009018027346,1.4861219779593062,1.3817404238117568,-0.630072581625914,-0.6505696364433479,-0.16600360907642203,0.029154522254559848,1.8019643678833859,1.6529445701570489,-0.46993614249965676,-0.4794986478299592,0.10099272722319176,0.026039408655674126
Cook Islands,0.7510838979430741,0.7238955055640315,3.253609926748603,2.797626891366416,-1.6127972251854812,0.10045937742936624,0.7347765129151476,0.7216263264707156,2.102055009609488,1.8914333258577671,-1.6951835549667524,0.10031541118229466,0.7716344950207732,0.7267521294712498,4.6147663996868555,3.757732792993609,-1.5298313515614406,0.1006037574931387
French Polynesia,1.8688618911235528,1.3424929767380573,1.2505869846901596,-0.4042311367176899,-1.0258658877510116,0.9362372468525905,1.5505848271855194,1.067526583751581,0.8899243576427894,-0.40394326285844473,-1.024873799653384,0.9377799436811388,2.332967740161788,1.729228600127395,1.7390487231277167,-0.40461283883358523,-1.0271814303063853,0.9341913135392947
Niue,0.8077612181057606,0.736279462454328,0.9413502171597147,2.4151719153789593,-0.033984715059196036,0,0.9563574870098547,0.838217912312739,1.018401808545139,2.4656806369346183,0,0,0.6378672755190757,0.6181507492615341,0.851192288375918,2.3556607131276692,-0.07421158793071203,0
Samoa,6.7047475886186785,4.90281965795971,-0.8584423953943897,-2.2991794555952847,-3.7231105459526397,-1.3095789689447337,6.499034914905582,4.704570711446727,-1.0663011753544331,-2.5041699091267633,-3.773278184952679,-1.3142060461521288,6.931982646508302,5.117229264982844,-0.638314742138883,-2.086630107913164,-3.6717636281829518,-1.304856011044631
Tokelau,-0.2985130043335141,-0.30303610041204443,-0.3076983767895891,10.169946680127993,2.536144083091458,0.857803624719471,-0.40405414635038933,-0.412385744054714,-1.5892834270849359,8.750540811356547,2.4632456955223887,0.9474818147746432,-0.1673649934103316,-0.1687773729172919,1.1525822567327284,11.577160683156354,2.6032499111683554,0.7752559185640054
Tonga,2.3503162837091405,2.3597327888823463,3.0969687081707766,1.361558741160739,-3.043955322224221,-1.3109673401111737,2.8745577430232694,2.8488188830870045,3.1937614254650164,1.4600178576898044,-2.9421773007642438,-1.3079539914670388,1.7870221329696894,1.8054595184870286,2.983782850158572,1.2451950137396728,-3.1655664999091107,-1.3145885368220962
Tuvalu,-3.7979470120482444,-3.7531793877735113,-0.8432162164855597,1.0258658877510096,0.8890352514166758,0.8547841187069836,-3.9148915425219073,-4.02843456334748,-1.0171683446698192,1.017168344669819,0.8098272270947399,0.9728854062418406,-3.646431135879092,-3.404422997197344,-0.6283239246675785,1.0365013572917188,0.9854209801356567,0.7109483830133353
Wallis and Futuna Islands,3.9015727958945132,3.3528153398304483,1.6747773042936644,-5.989316377476866,-8.68398254847936,-0.7232905633501349,3.6647881816836696,3.0961154640297694,1.6762747119633752,-6.002091849006764,-8.690846380327198,-0.7163813940094016,4.152787295564891,3.6183665828125946,1.673248240755064,-5.976278256412505,-8.67698454851199,-0.7303343116475349
EUROPE AND NORTHERN AMERICA,2.3464053367893802,2.258348252113839,2.281693335288547,2.2035139969209134,1.4263851759317299,1.8990949368813685,2.353853037709325,2.3055683355276413,2.31801339777822,2.043134800089329,1.2704026528206491,2.046394824541138,2.339328450227417,2.2133593277000667,2.246947866631429,2.3560155449633315,1.5724433135964702,1.7614221659653677
EUROPE,1.506695122701447,1.221585336101379,2.239225229069132,2.1120530456553115,1.1892597995736636,2.320714096169286,1.4345762694071702,1.1897838329490211,2.2498172328487063,2.0577485109994154,1.0417114785527373,2.6843274033689926,1.574700557295114,1.2514221074396905,2.2292978213747263,2.162842738196197,1.3259215768825339,1.9815802528436237
Eastern Europe,-0.6010572086118261,-0.8697789709632902,-0.6881934467243372,-0.6526040676675406,0.7505982714076604,0.544893114118897,-0.3693134061665997,-0.6450569956602731,-0.7081510879036162,-0.701335302517748,0.789024754983827,0.648201669869304,-0.8036347075073745,-1.0704862540880313,-0.6701950725162116,-0.6087999729877873,0.7160739387683928,0.4515394815164351
Belarus,-1.0300153979995736,-1.0859738024391539,-0.29775925576930445,-0.30225936634452144,-0.13754360482857997,-0.31385442176160133,-1.0300233258418483,-1.0859648148733523,-0.2977792456962337,-0.30223991571455594,-0.13756088570100958,-0.3140350362147942,-1.0300086990551713,-1.0859813968393053,-0.29774236449636005,-0.30227580191693165,-0.13752900267640808,-0.31370180562135136
Bulgaria,8.2144028677076,5.805985409327443,6.85097773133734,4.448325999943642,9.683780977894598,7.708477704596847,8.21440116377846,5.807081205578925,7.543565938460807,4.81974917388629,11.472753536771945,8.0031617637673,8.214404104604482,5.80518992381195,6.332709790608623,4.157064680359142,8.133161395532722,7.4276236652209535
Czechia,8.10942294130956,5.75361125431743,7.580393304620175,4.229255453031967,0.8817215825170222,5.1981154926017785,8.61579768204642,6.002158948014704,8.4286459771125,5.240960070153026,0.2581506133987425,5.0897841251950435,7.54598167777783,5.465720414094153,6.536402617895662,2.8432040138896673,1.7555194649133643,5.343605732317582
Hungary,-1.510309037494577,-1.6338128503673826,4.223879018410872,3.485455843280258,1.7065923195723303,1.8506224912181986,-1.184708178110212,-1.2593281872984594,4.62913049713153,3.756412732997421,2.2904774467759093,1.855926303746629,-1.780094766918863,-1.954275399710628,3.864197450613291,3.237121942446032,1.1487671192834454,1.8454076046943775
Poland,-3.123106212610984,-3.1231100829261345,-2.6591541166034944,-2.349845022224737,-0.729630292419234,1.4345452976198516,-3.535460697886947,-3.55070194531459,-2.6027523431249246,-2.4903125249074987,-0.18956107978876124,2.729063101262547,-2.8205834723390324,-2.8205386073024816,-2.6984365594034823,-2.252360129170503,-1.1109039958986755,0.4558261966511911
Republic of Moldova,-7.865118376016538,-7.865122413579033,-7.407164095031191,-5.575770793140765,-3.932540532180953,-0.39344779241653133,-8.543078508752258,-8.585179210446178,-7.953820378231937,-5.266905062114273,-3.6608430094329227,-0.3638281717498184,-7.353326844567218,-7.353478540238062,-7.03903010840633,-5.781697837918596,-4.118142716921228,-0.4139346532656461
Romania,-0.11636954953042442,-0.11630573715343245,1.5623366409361854,3.989815056870627,9.223687205150592,12.455837745339897,0.9632168702621244,0.8670549415159725,2.11250103770775,4.457339492944969,10.304788518379187,13.201733801969146,-0.9503286163115983,-0.950174217355198,1.061134843678729,3.542440365001602,8.10543032012235,11.614405029456307
Russian Federation,0.6890442759704268,-0.048058659024745425,-0.3949723331487081,-0.8274679167644048,0.785750014218979,-0.005834519984212865,0.9328448004228782,0.19280478344186305,-0.5980505044587,-1.0326330209560963,0.7153636603500948,-0.005827235615567732,0.45129174473920186,-0.28867062706715463,-0.191724699402005,-0.6262613851434273,0.8538444036828904,-0.0058415428012213964
Slovakia,10.360706284033087,10.360991740136523,2.289558607922305,2.2896982171255473,3.877595736794427,1.417197406548544,10.360710154660465,10.360631840255603,2.7187621840860485,2.62109111479223,5.699862795317288,1.892309877726744,10.360703237680639,10.361274992523365,1.9451687315581687,2.0144563780017464,2.2003905760557907,0.9306838675505209
Ukraine,-2.208342028196125,-2.208335656275457,-1.8042574031221643,-0.9385991454051443,0.3960511624437759,0.24875615622448125,-2.2082663715317787,-2.208260820681703,-1.7673332590729864,-0.9017939151560277,0.3960574656847944,0.24876717036144952,-2.2083987538900303,-2.208391766718174,-1.8319873696198463,-0.9663292241714564,0.39604640573837385,0.24874784446243065
Northern Europe,1.5881228937728218,1.872480756744217,3.872225886232419,3.3633337140681876,3.1339362290451485,3.222445511332624,1.3849446892673,1.7269458030765814,4.138806056220867,3.6351428195289226,3.098695048061943,3.4086436239718165,1.7723620108753044,2.002281194012472,3.633093496241223,3.11316531386902,3.166741746424051,3.048158849299682
Channel Islands,-0.3735611427536188,1.2123563580370218,1.9654672488691434,1.7894801236639521,1.1826721379051601,0.4592641494137679,-0.3737515896200598,1.2037293897898271,2.1177255083514543,1.9115582688141162,1.2351933008581293,0.4596759480454211,-0.37339198453280587,1.2200157932291245,1.8293623827411225,1.6789228567197172,1.1347097940671906,0.4588871429640878
Denmark,5.0739946284308255,4.043659267391598,3.4274532363497077,2.570122096955995,3.477633680963958,4.830196870924351,5.039084328501945,4.021552407073862,3.378367923192388,2.54620185160097,3.7149143478747044,5.098929890329069,5.107008469534687,4.06450732921798,3.4735839341074817,2.5925230944166278,3.2531031157642087,4.570216588161994
Estonia,-3.8089231750925006,-4.709191723811947,-1.3092897940311532,-1.4010434447925841,-2.254307057000664,-0.5744512378194588,-4.621456292277544,-6.020975331548504,-1.3537520901529867,-1.4520801775763685,-1.8191313052510876,0.18426378238054472,-3.1692166212965818,-3.767742999714036,-1.2791864380928586,-1.3666268005558928,-2.552563729384964,-1.1180552715583252
Faroe Islands,-7.808196301146296,4.285535422779067,4.867325947912106,2.1220422548575053,1.4712235091466273,4.067074997564414,-8.754855340550284,3.971812230176465,4.86484281540432,1.9432749690729536,0.6055541906694066,4.161145303458216,-6.621336361086098,4.652161104486485,4.8701784965340735,2.32542481527979,2.403831185696083,3.969813200462391
Finland,9.105646628475498,6.233798252282879,6.884575466007538,3.461557253748267,6.41324671108994,4.905560598499648,8.954759562784014,6.163631174430632,7.142775062487862,3.5407553803815084,6.500772383415056,5.204750218491578,9.255918939313016,6.302914204873705,6.627844035512073,3.38147089437397,6.323992675548368,4.5953538378578145
Iceland,5.6898922115216095,4.424523720063569,9.450976789993902,6.391600197692639,2.1492282118322916,7.339420659078251,5.974870989441651,4.597218850611673,10.873830691830136,7.004671093493628,1.5827710880767132,9.200782400251988,5.460080712230159,4.282341109364752,8.18820981627894,5.791834181109583,2.704653379836596,5.425637099707837
Ireland,-0.09400856700594024,8.700698432310352,10.379904482342676,4.305648906609423,0.7710456405102522,2.334286936402503,-0.728403625851525,9.402917392019035,11.664547211124596,3.0208714924009774,0.8632433678425552,2.411737248487635,0.5011426518373095,8.039713412764856,9.044094057678423,5.641590501431617,0.6808444743807591,2.257933006605677
Isle of Man,1.1821178016017504,1.1156170321086987,1.229558184209185,0.9290193674402782,-0.5644302931267905,0.3678005752517571,1.3885701286352585,1.298390921986314,1.530318084983754,1.1038279164613352,-0.7293989458328543,0.36750306330491705,0.9966021801278075,0.948303334499418,0.9477433941980362,0.7613903025742078,-0.40616104950964155,0.3680837045789607
Latvia,-3.6555786392176555,-4.476646623109028,-2.653671964333083,-3.656085068092342,-3.348105662921498,-2.803101678187961,-4.327839583041892,-5.530595439990379,-2.7587078728547256,-4.321364988656564,-3.6242737730643007,-2.691203625342995,-3.1215540772553756,-3.7005920785493807,-2.5801224523393294,-3.2050628694194354,-3.16810037698864,-2.8754752838622
Lithuania,-4.883824682054024,-4.8838287785224255,-1.2616812447608459,-4.4871391321227465,-3.3435585329773545,-3.7193459153146278,-4.928031500918889,-4.9282048961659175,-1.306238645678508,-6.049052628374728,-3.8185340392195726,-3.8535496355635606,-4.844508685114541,-4.8445268399028505,-1.222383687718632,-3.2066742466045857,-2.988356087600705,-3.621501521512063
Norway,3.8357150392369728,4.518515315624792,4.220345066765489,7.550846017006563,6.968181665068777,3.767319645250957,3.2657801430203985,4.229268980130042,3.949410474638922,8.397319803469204,7.43321025236631,3.706614238907413,4.428226686864923,4.806423000817649,4.482642571767589,6.707311676461821,6.473026325110341,3.8333607961081464
Sweden,3.423360275227679,1.3981420863040512,2.293884112560105,4.143277267028593,3.8183726553527038,4.479532146836937,3.261769683485436,1.2576041960061948,2.290866713501199,4.4619944819782695,4.143542242569306,4.930232269674416,3.5747607950778493,1.52791128783742,2.2966511382803017,3.846516667083065,3.505969639875502,4.031591441817079
United Kingdom,2.5915484516186016,2.5915428469263833,4.508313757189562,3.66969519646581,3.334949737993129,3.1788513074515587,2.3830406929520462,2.378810537740695,4.694081450290321,4.071495396960075,3.051090615469577,3.2478797105078603,2.783005972486059,2.7829917298996842,4.341346655275147,3.2982482214396014,3.5988483983126547,3.1153817689449608
Southern Europe,7.228389142763278,4.1887961233260365,8.928118379058745,6.002982704378831,-0.48805383765283245,1.0647127450434064,7.217803139796045,4.405766605719027,9.226047032487164,5.93533087370866,-1.165453714607077,1.0321211954829943,7.237973475427167,3.990405289738027,8.648857666521742,6.067105534717794,0.1314864363594929,1.0935338932585665
Albania,1.5560342338374407,1.4436622636157748,-3.389454304445189,-4.083113749831745,-0.28736839375511686,-1.4189852525158912,1.6952660436759588,1.5632864210551192,-1.7389140867493325,-4.082639142309051,-0.28754847782199217,-1.4188135331230094,1.4350951843232074,1.3384872926306994,-4.971684037517829,-4.083607012129074,-0.2871812285499543,-1.419163723748661
Andorra,2.5619533017828147,-0.953940378792528,3.5360361469230233,0.6859423080773824,-4.166535408512597,1.6247732890343103,2.3338394861143197,-1.3095458373873303,3.612001481639329,0.6109901589835016,-4.781107621461487,1.8021978498332973,2.826158069322764,-0.5547169114491869,3.4520116061849517,0.7688505876385137,-3.51057766950328,1.4399866770555982
Bosnia and Herzegovina,4.31259356913234,3.5456151612842177,-11.246879464252071,-3.9540822848064447,-0.11271130830893007,-1.911196842891563,4.4281736764539605,3.62276219607853,-11.376197462140272,-3.8865532740943487,-0.11272520628396204,-1.9534455056410076,4.207909485772256,3.475095292378306,-11.128964130459206,-4.015475030449975,-0.11269863244343635,-1.8727254724394713
Croatia,6.9823946260099286,-2.8247019296030644,-0.20694500398003055,-0.2091087237704097,-0.42863531336375443,-1.9937801525137269,6.996610039475666,-2.7753933127540504,-0.23262374578339393,-0.23543580565880806,-0.6045013503862862,-2.0797584109728384,6.9698782268554735,-2.868247214520372,-0.18424244074297713,-0.18588987692777073,-0.2749951649095753,-1.919522409064341
Gibraltar,-0.7677946918766686,-0.7959675337501354,2.6845911915367235,2.3684432714008503,1.2993277585374394,0.24059186449793246,-1.5229730073366208,-1.6434001698933103,3.1221547201285245,2.699933507365457,1.5618413726084766,0.24472919466973064,0.019125031340214264,0.01910676046918343,2.2721998969476553,2.0440379881403574,1.0347134879837778,0.2363653970684366
Greece,6.554318155368007,5.183698228013615,1.3737671380900152,2.0790912833079678,-1.2207028851200412,-0.6426202912142553,5.977509430872715,4.589711760408306,0.9721723665815332,1.7286446962893536,-2.3209492840297288,-0.4563526128563063,7.195270579321885,5.804793624925528,1.7730524683915407,2.4148073692963847,-0.2371972504288762,-0.8017641268865308
Holy See,0.31008373071930506,0.12779596197541976,0.32849759334800654,-0.10050272405346086,0.22542505399251947,-0.12484420451217566,0.1589412338506388,0,0.10526340088549382,-0.31746698312580246,0.05326234838967257,-0.2002680936519743,0.4539917503221351,0.24783464590326915,0.5346612439413744,0.09569396246672507,0.3782618661297355,-0.05861667398135336
Italy,4.34692587190655,3.5687498236063346,12.45431008371689,7.6168163921949334,0.06015588987489988,1.93984205920846,4.624985756361117,3.753761684400999,12.451615606568026,7.615825121774525,-0.1968521388326735,2.439050055696074,4.116697780391637,3.4122747366329795,12.456608206008909,7.617661703409423,0.2767318394749251,1.5163760076300798
Malta,3.253031461693038,3.864144514680291,2.641798013269877,5.912617060999087,9.335286477747752,11.96341990505001,3.5310581192203734,4.137989807473332,2.907579991586864,7.27352356972803,10.077227328639164,12.108627361210827,3.0081237584668434,3.616538955658819,2.3951911050932173,4.5432715602101705,8.503956155588147,11.793117238379613
Montenegro,..,..,..,..,-1.8099154763984833,-0.26351813166165405,..,..,..,..,-2.316980104126458,-0.17450213299977085,..,..,..,..,-1.4747758756938734,-0.3212951325639749
North Macedonia,2.7823843601270317,2.7825981130129094,0.3161135076540515,0.3161297983544327,0.15804652361723817,0.08495454997516662,2.7824525185697806,2.7825865556186065,0.31627949489229673,0.3157950534553666,0.1580657251593283,0.08518207878346803,2.782335636421676,2.782606374945235,0.31599484903843733,0.31636909433499866,0.15803279737466458,0.08479189936393013
Portugal,4.020905827153135,4.020940164653059,3.3738515659097565,-0.21796698026759512,2.509716154566935,0.6659925969428385,4.227846821568952,4.223780000321008,3.2465632790889773,-0.27999548587948875,1.3957132217896218,0.8246236015983309,3.8266287491108866,3.8266745695510545,3.4962094629600275,-0.1588911995769905,3.5129734858115906,0.5296983598108369
San Marino,2.004833932961964,2.0058332894677045,0.8375906309225571,2.9156827561694603,1.2510280937226974,1.4580846432288421,2.3144660538674566,2.286813829308213,1.1349929151808682,3.6362924529665315,0.7534650790643074,0.5945480962759097,1.6610571411049997,1.683914089315662,0.486024973643472,2.014091994749865,1.8813050116605872,2.4821349603640277
Serbia,43.435713549245634,2.315215805512314,-2.689122587946612,-0.6799205492080365,-0.46115320964569656,0.39536920710236156,42.44978357745214,2.296391032547927,-2.6609018735895344,-0.9806669871229847,-0.5321335043832879,0.42128535309475534,44.27297515199243,2.330476260064612,-2.712009676647962,-0.4389865051935586,-0.4052321924533699,0.3749972927139994
Slovenia,-0.41511181058419955,4.137731664299013,0.2510884768859583,3.1117986932024855,-1.3167093385144153,1.5803915162532163,0.16487919423317127,4.806171087139592,0.3402050817150579,3.8164264231946534,-0.9902473980399908,1.473976562757095,-1.0189377357662548,3.3951883733121595,0.14804301087193592,2.2606652981517406,-1.7343940990271176,1.7184228916269992
Spain,4.327276922265631,9.7062481965419,18.151342804417496,8.49264938567208,-1.2783852146336612,0.8879120074140163,4.910794575445251,10.365055678489528,18.755830081073217,8.278116382941612,-2.31702270586835,0.2565415585891897,3.783750672725552,9.054027723496452,17.51345541369325,8.723592346219164,-0.2289249638736835,1.4787944935756878
Western Europe,2.3722594692339163,2.145179426671569,1.3156823533285809,1.5211726398975933,1.6500800015575654,3.8525441661388826,1.880759655198539,1.7456886339281836,1.114239379374563,1.2782925681739188,1.6183096612490837,4.617297666455722,2.895684778789398,2.551687258008877,1.514574195296972,1.7557716188583836,1.6803559742648473,3.102508378108914
Austria,2.411591893817413,2.151842911263859,2.6241988695714236,2.319458943912985,3.132884505997055,4.404122084695642,2.784466935622285,2.4437982193098238,2.5594202209774854,2.2687363474077458,3.253055290146495,4.955324151111443,2.0827172628407506,1.8861028999832326,2.6838030136416604,2.3658720819315424,3.0225563380132527,3.8841186684385387
Belgium,0.11555027769751879,-0.3072384428537628,-0.31203194909922255,3.7173958114351264,3.411435392098509,2.6373642452840933,-0.08435853040290339,-0.4817699170992307,-0.4884433726483751,3.1510817312365726,3.594355802749772,2.956153816220385,0.32244579412304747,-0.13000042617282126,-0.1360111027798263,4.262156810629074,3.23876921028874,2.3299320904213285
France,0.6365889500565265,0.6169469751490807,1.4107591782447901,1.6307516029929674,1.4869335550296325,1.4215120690761263,0.30904471839138736,0.30433539730455283,1.3021892962375026,1.4807852946766695,1.369305469953104,1.3604498563908047,0.9700475311157574,0.9251663728413027,1.5155942474019908,1.7737375230058405,1.597634375942454,1.4785163841615334
Germany,4.581597183566869,3.7251921536907053,0.8912902074181611,0.853259108057117,0.8150910836852672,6.266890833066699,3.374551400611641,2.886525775635714,0.7517875565365981,0.7245449904381052,0.7658615520484429,7.797660439373455,5.990247097655823,4.603502393173855,1.0302786676547984,0.9797989891113638,0.8630644473699418,4.683178882433044
Liechtenstein,3.985553291220246,3.0230377353963527,3.9862689705146885,3.3482443757644504,1.263504956786377,1.693498335899121,3.4235687927137484,2.4272171400853506,3.347635468007051,2.8282097843728917,1.3141073129137182,1.6686046706131334,4.641465189980163,3.676842089679693,4.643843722249877,3.8535125854104653,1.2154654307803108,1.7171665777439937
Luxembourg,2.054484782554763,2.0546457782318672,1.4978343620152101,1.5974831414083173,8.447640177430646,3.970043145476254,2.107495709429255,2.1281971790383056,1.571834022054889,1.6557275277416152,8.75368499329848,4.1105972971375655,2.002873364868394,1.9825867817058644,1.4248038597943704,1.5396221874605838,8.137996805590127,3.8248026805492144
Monaco,0.677048642865789,0.6787590987673485,-0.4408633457243642,-0.1696363011181846,4.13307997429896,0.5029315796739886,0.9968087854439068,0.9858459649955832,-0.26179392078806896,0.005811982411222305,3.980986137627924,0.4951045899127863,0.39468383994451806,0.39940705089921374,-0.6076008295164304,-0.33583392189002803,4.277317827269886,0.5102972614530273
Netherlands,2.596573356659946,2.9015183397232485,2.1864357392315372,1.0805968309066862,1.712357440939593,3.3523583327310535,2.4111109112635276,2.7125824522060853,1.944459651478243,0.8772746156899766,1.5507304348412219,3.6724720863252207,2.781083062504807,3.0860225393057066,2.417786401519991,1.270823390425305,1.8609370705904258,3.056740874709312
Switzerland,1.206128615634853,1.206129474837243,2.784912712406756,2.784923858688231,3.0445497113418396,1.5604683834303361,1.8496418261132421,1.8092181133825953,1.8271416960064129,1.7231395588399965,3.2578479946089027,1.6771064448473296,0.5314961748387194,0.5314880833106338,3.8368780764969572,3.836922094169849,2.8420006469281103,1.4480369682007348
NORTHERN AMERICA,3.7718701628807887,3.8169413050993986,2.341381674124433,2.3310331261225987,1.7506079347828223,1.3191481405517564,3.8982173005616816,3.9505609676310955,2.411484948467105,2.023168373407578,1.578955602763104,1.1710939825850573,3.6502860253402414,3.6867030560687084,2.2723605906792255,2.630617315614174,1.9137546005314883,1.4578949152803027
Bermuda,1.2278647373252567,1.1556906743145932,0.676672599334899,0.6545255796603054,0.2546732648662137,0.2729994368457743,1.2490437174364575,1.1756023203230432,0.7703429679260808,0.7439423082083021,0.2891408650195607,0.2743036839638111,1.2081486078059718,1.1371175212130014,0.5888169916160961,0.5699107584042876,0.22185930049832825,0.27175560930337583
Canada,2.313751044107795,2.4978169747283148,1.9585161997000693,2.127329866105452,1.8828170826565505,1.7291611362037214,2.2097365376664455,2.419821001590663,1.8431275021795888,2.086945838746163,1.753784755765913,1.7291612411606205,2.4119348565460608,2.5707935765847587,2.065476223971694,2.164484397726376,2.000572116928535,1.7291610410091092
Greenland,-5.300577516379926,-1.5165402458670785,-0.13680983650101083,-1.4713677805447138,-0.9894345899350356,-0.46575735548390607,-5.6673015061275995,-1.0918315048802416,-0.6831114611934144,-1.59525081384368,-1.5491285932397594,-0.4633439485014438,-4.480672540588059,-2.4706388435419546,1.0786927846989456,-1.2101059438731485,0.1314131591741991,-0.4703927229702608
Saint Pierre and Miquelon,3.6646212235359035,1.9886779397637375,-4.798315908784657,-2.4058544216162154,-0.6191208289184896,0.10121471315000279,3.941857482285342,2.0602343667214162,-4.722485255738619,-2.3431018430132657,-0.5731051152075213,0.14492794210814786,3.3724542487158544,1.9119024136204261,-4.88030251598589,-2.474193086520456,-0.6695185839277892,0.05313498280783842
United States of America,4.036718241954401,4.0367190983145615,2.4028316285866347,2.363838883671791,1.7313207154002224,1.255965911096294,4.202219210405609,4.199559017206235,2.4991728448712043,2.015103096954116,1.5538724738531768,1.086541563649917,3.8769605707777863,3.8769635293235676,2.307091225914119,2.706104197543106,1.901014718097995,1.4155332319166964
